Trade number,Instrument,Account,Strategy,Market pos.,Qty,Entry price,Exit price,Entry time,Exit time,Entry name,Exit name,Profit,Cum. net profit,Commission,Clearing Fee,Exchange Fee,IP Fee,NFA Fee,MAE,MFE,ETD,Bars,
1,MNQ 03-25,Playback101,,Short,9,21557.75,21564.00,6/1/25 3:19:04 a. m.,6/1/25 3:28:06 a. m.,EntryAnticipado_Short_01,SL_Short_01,$-12960,$-12960,$1710,$000,$000,$000,$000,$11250,$4950,$17910,10,
2,MNQ 03-25,Playback101,,Short,3,21557.75,21563.75,6/1/25 3:19:04 a. m.,6/1/25 3:28:06 a. m.,EntryAnticipado_Short_01,SL_Short_01,$-4170,$-17130,$570,$000,$000,$000,$000,$3750,$1650,$5820,10,
3,MNQ 03-25,Playback101,,Short,1,21558.00,21563.75,6/1/25 3:19:04 a. m.,6/1/25 3:28:06 a. m.,EntryAnticipado_Short_01,SL_Short_01,$-1340,$-18470,$190,$000,$000,$000,$000,$1200,$600,$1940,10,
4,MNQ 03-25,Playback101,,Short,8,21570.00,21577.25,6/1/25 3:39:01 a. m.,6/1/25 4:04:24 a. m.,EntryAnticipado_Short_02,SL_Short_02,$-13120,$-31590,$1520,$000,$000,$000,$000,$13200,$12800,$25920,26,
5,MNQ 03-25,Playback101,,Short,2,21570.25,21577.25,6/1/25 3:39:01 a. m.,6/1/25 4:04:24 a. m.,EntryAnticipado_Short_02,SL_Short_02,$-3180,$-34770,$380,$000,$000,$000,$000,$3200,$3300,$6480,26,
6,MNQ 03-25,Playback101,,Short,2,21570.25,21577.00,6/1/25 3:39:01 a. m.,6/1/25 4:04:24 a. m.,EntryAnticipado_Short_02,SL_Short_02,$-3080,$-37850,$380,$000,$000,$000,$000,$3200,$3300,$6380,26,
7,MNQ 03-25,Playback101,,Short,2,21586.00,21595.75,6/1/25 4:18:01 a. m.,6/1/25 4:41:21 a. m.,EntryAnticipado_Short_01,SL_Short_01,$-4280,$-42130,$380,$000,$000,$000,$000,$4000,$8700,$12980,24,
8,MNQ 03-25,Playback101,,Short,1,21586.25,21595.75,6/1/25 4:18:01 a. m.,6/1/25 4:41:21 a. m.,EntryAnticipado_Short_01,SL_Short_01,$-2090,$-44220,$190,$000,$000,$000,$000,$1950,$4400,$6490,24,
9,MNQ 03-25,Playback101,,Short,5,21586.25,21595.50,6/1/25 4:18:01 a. m.,6/1/25 4:41:21 a. m.,EntryAnticipado_Short_01,SL_Short_01,$-10200,$-54420,$950,$000,$000,$000,$000,$9750,$22000,$32200,24,
10,MNQ 03-25,Playback101,,Short,3,21627.75,21641.25,6/1/25 5:05:01 a. m.,6/1/25 5:11:37 a. m.,EntryAnticipado_Short_02,SL_Short_02,$-8670,$-63090,$570,$000,$000,$000,$000,$8400,$3300,$11970,7,
11,MNQ 03-25,Playback101,,Short,1,21627.75,21641.00,6/1/25 5:05:01 a. m.,6/1/25 5:11:37 a. m.,EntryAnticipado_Short_02,SL_Short_02,$-2840,$-65930,$190,$000,$000,$000,$000,$2800,$1100,$3940,7,
12,MNQ 03-25,Playback101,,Short,2,21628.00,21641.00,6/1/25 5:05:01 a. m.,6/1/25 5:11:37 a. m.,EntryAnticipado_Short_02,SL_Short_02,$-5580,$-71510,$380,$000,$000,$000,$000,$5500,$2300,$7880,7,
13,MNQ 03-25,Playback101,,Short,2,21644.75,21654.75,6/1/25 5:30:01 a. m.,6/1/25 5:47:32 a. m.,EntryAnticipado_Short_03,SL_Short_03,$-4380,$-75890,$380,$000,$000,$000,$000,$4700,$4400,$8780,18,
14,MNQ 03-25,Playback101,,Short,2,21644.75,21654.50,6/1/25 5:30:01 a. m.,6/1/25 5:47:32 a. m.,EntryAnticipado_Short_03,SL_Short_03,$-4280,$-80170,$380,$000,$000,$000,$000,$4700,$4400,$8680,18,
15,MNQ 03-25,Playback101,,Short,3,21645.00,21654.50,6/1/25 5:30:01 a. m.,6/1/25 5:47:32 a. m.,EntryAnticipado_Short_03,SL_Short_03,$-6270,$-86440,$570,$000,$000,$000,$000,$6900,$6750,$13020,18,
16,MNQ 03-25,Playback101,,Short,2,21657.50,21673.25,6/1/25 6:03:01 a. m.,6/1/25 6:11:35 a. m.,EntryAnticipado_Short_04,SL_Short_04,$-6680,$-93120,$380,$000,$000,$000,$000,$7000,$1000,$7680,9,
17,MNQ 03-25,Playback101,,Short,3,21657.75,21673.25,6/1/25 6:03:01 a. m.,6/1/25 6:11:35 a. m.,EntryAnticipado_Short_04,SL_Short_04,$-9870,$-1.02990,$570,$000,$000,$000,$000,$10350,$1650,$11520,9,
18,MNQ 03-25,Playback101,,Short,1,21678.75,21693.25,6/1/25 6:27:01 a. m.,6/1/25 7:10:45 a. m.,EntryAnticipado_Short_01,SL_Short_01,$-3090,$-1.06080,$190,$000,$000,$000,$000,$3150,$7500,$10590,44,
19,MNQ 03-25,Playback101,,Short,3,21678.75,21693.00,6/1/25 6:27:01 a. m.,6/1/25 7:10:45 a. m.,EntryAnticipado_Short_01,SL_Short_01,$-9120,$-1.15200,$570,$000,$000,$000,$000,$9450,$22500,$31620,44,
20,MNQ 03-25,Playback101,,Short,1,21679.00,21693.00,6/1/25 6:27:01 a. m.,6/1/25 7:10:45 a. m.,EntryAnticipado_Short_01,SL_Short_01,$-2990,$-1.18190,$190,$000,$000,$000,$000,$3100,$7550,$10540,44,
21,MNQ 03-25,Playback101,,Short,3,21726.75,21737.25,6/1/25 7:34:01 a. m.,6/1/25 7:37:41 a. m.,EntryAnticipado_Short_02,SL_Short_02,$-6870,$-1.25060,$570,$000,$000,$000,$000,$6450,$4950,$11820,4,
22,MNQ 03-25,Playback101,,Short,3,21726.75,21737.00,6/1/25 7:34:01 a. m.,6/1/25 7:37:41 a. m.,EntryAnticipado_Short_02,SL_Short_02,$-6720,$-1.31780,$570,$000,$000,$000,$000,$6450,$4950,$11670,4,
23,MNQ 03-25,Playback101,,Short,1,21727.00,21737.00,6/1/25 7:34:01 a. m.,6/1/25 7:37:41 a. m.,EntryAnticipado_Short_02,SL_Short_02,$-2190,$-1.33970,$190,$000,$000,$000,$000,$2100,$1700,$3890,4,
24,MNQ 03-25,Playback101,,Short,1,21730.50,21745.50,6/1/25 7:42:01 a. m.,6/1/25 8:46:58 a. m.,EntryAnticipado_Short_01,SL_Short_01,$-3190,$-1.37160,$190,$000,$000,$000,$000,$3400,$4400,$7590,65,
25,MNQ 03-25,Playback101,,Short,2,21730.50,21745.25,6/1/25 7:42:01 a. m.,6/1/25 8:46:58 a. m.,EntryAnticipado_Short_01,SL_Short_01,$-6280,$-1.43440,$380,$000,$000,$000,$000,$6800,$8800,$15080,65,
26,MNQ 03-25,Playback101,,Short,2,21730.75,21745.25,6/1/25 7:42:01 a. m.,6/1/25 8:46:58 a. m.,EntryAnticipado_Short_01,SL_Short_01,$-6180,$-1.49620,$380,$000,$000,$000,$000,$6700,$8900,$15080,65,
27,MNQ 03-25,Playback101,,Short,2,21740.75,21646.00,6/1/25 8:54:01 a. m.,6/1/25 10:16:43 a. m.,EntryAnticipado_Short_02,TP1_Short_02,$37520,$-1.12100,$380,$000,$000,$000,$000,$9100,$39800,$2280,83,
28,MNQ 03-25,Playback101,,Short,2,21741.00,21761.25,6/1/25 8:54:01 a. m.,6/1/25 10:30:57 a. m.,EntryAnticipado_Short_02,SL_Short_02,$-8480,$-1.20580,$380,$000,$000,$000,$000,$9000,$39900,$48380,97,
29,MNQ 03-25,Playback101,,Short,2,21798.50,21848.25,6/1/25 10:58:01 a. m.,6/1/25 11:14:16 a. m.,EntryAnticipado_Short_01,SL_Short_01,$-20280,$-1.40860,$380,$000,$000,$000,$000,$21800,$7200,$27480,17,
30,MNQ 03-25,Playback101,,Short,2,21856.75,21887.00,6/1/25 11:36:01 a. m.,6/1/25 11:46:01 a. m.,EntryAnticipado_Short_02,SL_Short_02,$-12480,$-1.53340,$380,$000,$000,$000,$000,$13500,$3400,$15880,11,
31,MNQ 03-25,Playback101,,Short,4,21873.75,21892.50,6/1/25 11:50:01 a. m.,6/1/25 12:10:55 p. m.,EntryAnticipado_Short_03,SL_Short_03,$-15760,$-1.69100,$760,$000,$000,$000,$000,$15600,$11000,$26760,21,
32,MNQ 03-25,Playback101,,Short,1,21865.75,21772.25,6/1/25 12:18:01 p. m.,6/1/25 1:52:09 p. m.,EntryAnticipado_Short_04,TP1_Short_04,$18510,$-1.50590,$190,$000,$000,$000,$000,$5300,$78100,$59590,95,
33,MNQ 03-25,Playback101,,Short,1,21865.75,21478.75,6/1/25 12:18:01 p. m.,7/1/25 11:38:08 a. m.,EntryAnticipado_Short_04,TP2_Short_04,$77210,$-73380,$190,$000,$000,$000,$000,$5300,$78100,$890,1341,
34,MNQ 03-25,Playback101,,Long,1,21456.75,21399.00,7/1/25 11:51:01 a. m.,7/1/25 1:46:37 p. m.,EntryAnticipado_Long_01,SL_Long_01,$-11740,$-85120,$190,$000,$000,$000,$000,$13050,$23250,$34990,116,
35,MNQ 03-25,Playback101,,Long,3,21410.50,21391.25,7/1/25 1:50:01 p. m.,7/1/25 1:51:48 p. m.,EntryAnticipado_Long_02,SL_Long_02,$-12120,$-97240,$570,$000,$000,$000,$000,$11850,$1950,$14070,2,
36,MNQ 03-25,Playback101,,Long,1,21410.25,21391.25,7/1/25 1:50:01 p. m.,7/1/25 1:51:48 p. m.,EntryAnticipado_Long_02,SL_Long_02,$-3990,$-1.01230,$190,$000,$000,$000,$000,$3900,$700,$4690,2,
37,MNQ 03-25,Playback101,,Long,2,21412.25,21386.25,7/1/25 1:56:01 p. m.,7/1/25 4:09:42 p. m.,EntryAnticipado_Long_03,SL_Long_03,$-10780,$-1.12010,$380,$000,$000,$000,$000,$11800,$42100,$52880,134,
38,MNQ 03-25,Playback101,,Long,1,21412.25,21386.50,7/1/25 1:56:01 p. m.,7/1/25 4:09:42 p. m.,EntryAnticipado_Long_03,SL_Long_03,$-5340,$-1.17350,$190,$000,$000,$000,$000,$5900,$21050,$26390,134,
39,MNQ 03-25,Playback101,,Long,1,21351.00,21279.25,7/1/25 4:41:01 p. m.,8/1/25 8:19:32 a. m.,EntryAnticipado_Long_04,SL_Long_04,$-14540,$-1.31890,$190,$000,$000,$000,$000,$14900,$19450,$33990,879,
40,MNQ 03-25,Playback101,,Long,1,21255.75,21311.75,8/1/25 8:37:01 a. m.,8/1/25 9:00:38 a. m.,EntryAnticipado_Long_01,TP1_Long_01,$11010,$-1.20880,$190,$000,$000,$000,$000,$7400,$32600,$21590,24,
41,MNQ 03-25,Playback101,,Long,1,21255.50,21221.00,8/1/25 8:37:01 a. m.,8/1/25 1:27:35 p. m.,EntryAnticipado_Long_01,SL_Long_01,$-7090,$-1.27970,$190,$000,$000,$000,$000,$7350,$32650,$39740,291,
42,MNQ 03-25,Playback101,,Long,1,21216.50,21319.00,8/1/25 1:34:01 p. m.,8/1/25 2:02:06 p. m.,EntryAnticipado_Long_01,TP1_Long_01,$20310,$-1.07660,$190,$000,$000,$000,$000,$18700,$43000,$22690,29,
43,MNQ 03-25,Playback101,,Long,1,21216.25,21165.75,8/1/25 1:34:01 p. m.,10/1/25 9:30:07 a. m.,EntryAnticipado_Long_01,SL_Long_01,$-10290,$-1.17950,$190,$000,$000,$000,$000,$18650,$43050,$53340,2067,
44,MNQ 03-25,Playback101,,Long,1,21146.25,21181.50,10/1/25 9:41:01 a. m.,10/1/25 10:13:50 a. m.,EntryAnticipado_Long_01,TP1_Long_01,$6860,$-1.11090,$190,$000,$000,$000,$000,$11500,$7150,$290,33,
45,MNQ 03-25,Playback101,,Long,1,21057.50,20999.75,10/1/25 10:59:00 a. m.,10/1/25 11:00:06 a. m.,EntryAnticipado_Long_01,Exit_Long_Market,$-11740,$-1.22830,$190,$000,$000,$000,$000,$11800,$1050,$12790,2,
46,MNQ 03-25,Playback101,,Long,1,21057.25,20999.75,10/1/25 10:59:00 a. m.,10/1/25 11:00:06 a. m.,EntryAnticipado_Long_01,Exit_Long_Market,$-11690,$-1.34520,$190,$000,$000,$000,$000,$11750,$1100,$12790,2,
47,MNQ 03-25,Playback101,,Long,1,20912.00,21083.75,10/1/25 11:16:01 a. m.,10/1/25 11:39:44 a. m.,EntryAnticipado_Long_01,TP1_Long_01,$34160,$-1.00360,$190,$000,$000,$000,$000,$5200,$52750,$18590,24,
48,MNQ 03-25,Playback101,,Long,1,20912.00,20990.25,10/1/25 11:16:01 a. m.,10/1/25 5:59:00 p. m.,EntryAnticipado_Long_01,Exit_Long_Market,$15460,$-84900,$190,$000,$000,$000,$000,$5200,$52750,$37290,404,
49,MNQ 03-25,Playback101,,Long,1,20884.00,20920.50,12/1/25 11:30:01 p. m.,13/1/25 2:15:40 a. m.,EntryAnticipado_Long_01,TP1_Long_01,$7110,$-77790,$190,$000,$000,$000,$000,$4250,$7500,$390,166,
50,MNQ 03-25,Playback101,,Long,1,20883.75,20920.50,12/1/25 11:30:01 p. m.,13/1/25 2:15:40 a. m.,EntryAnticipado_Long_01,TP1_Long_01,$7160,$-70630,$190,$000,$000,$000,$000,$6600,$9100,$1940,166,
51,MNQ 03-25,Playback101,,Long,1,20883.75,20857.00,12/1/25 11:30:01 p. m.,13/1/25 4:20:06 a. m.,EntryAnticipado_Long_01,SL_Long_01,$-5540,$-76170,$190,$000,$000,$000,$000,$6600,$9100,$14640,291,
52,MNQ 03-25,Playback101,,Long,1,20853.25,20829.25,13/1/25 4:27:01 a. m.,13/1/25 4:28:19 a. m.,EntryAnticipado_Long_01,SL_Long_01,$-4990,$-81160,$190,$000,$000,$000,$000,$4950,$150,$5140,2,
53,MNQ 03-25,Playback101,,Long,1,20853.00,20829.25,13/1/25 4:27:01 a. m.,13/1/25 4:28:19 a. m.,EntryAnticipado_Long_01,SL_Long_01,$-4940,$-86100,$190,$000,$000,$000,$000,$4900,$100,$5040,2,
54,MNQ 03-25,Playback101,,Long,1,20853.00,20829.50,13/1/25 4:27:01 a. m.,13/1/25 4:28:19 a. m.,EntryAnticipado_Long_01,SL_Long_01,$-4890,$-90990,$190,$000,$000,$000,$000,$4900,$100,$4990,2,
55,MNQ 03-25,Playback101,,Long,2,20830.25,20815.00,13/1/25 4:34:01 a. m.,13/1/25 4:42:04 a. m.,EntryAnticipado_Long_02,SL_Long_02,$-6480,$-97470,$380,$000,$000,$000,$000,$6400,$6900,$13380,9,
56,MNQ 03-25,Playback101,,Long,1,20830.25,20815.25,13/1/25 4:34:01 a. m.,13/1/25 4:42:04 a. m.,EntryAnticipado_Long_02,SL_Long_02,$-3190,$-1.00660,$190,$000,$000,$000,$000,$3200,$3450,$6640,9,
57,MNQ 03-25,Playback101,,Long,2,20830.00,20815.25,13/1/25 4:34:01 a. m.,13/1/25 4:42:04 a. m.,EntryAnticipado_Long_02,SL_Long_02,$-6280,$-1.06940,$380,$000,$000,$000,$000,$6300,$7000,$13280,9,
58,MNQ 03-25,Playback101,,Long,2,20836.75,20811.25,13/1/25 4:46:01 a. m.,13/1/25 4:56:22 a. m.,EntryAnticipado_Long_03,SL_Long_03,$-10580,$-1.17520,$380,$000,$000,$000,$000,$12300,$2400,$12980,11,
59,MNQ 03-25,Playback101,,Long,1,20836.50,20811.50,13/1/25 4:46:01 a. m.,13/1/25 4:56:22 a. m.,EntryAnticipado_Long_03,SL_Long_03,$-5190,$-1.22710,$190,$000,$000,$000,$000,$6100,$1250,$6440,11,
60,MNQ 03-25,Playback101,,Long,1,20737.25,20709.75,13/1/25 5:10:01 a. m.,13/1/25 5:16:09 a. m.,EntryAnticipado_Long_04,SL_Long_04,$-5690,$-1.28400,$190,$000,$000,$000,$000,$6300,$100,$5790,7,
61,MNQ 03-25,Playback101,,Long,2,20737.00,20709.75,13/1/25 5:10:01 a. m.,13/1/25 5:16:09 a. m.,EntryAnticipado_Long_04,SL_Long_04,$-11280,$-1.39680,$380,$000,$000,$000,$000,$12500,$300,$11580,7,
62,MNQ 03-25,Playback101,,Long,1,20723.50,20837.75,13/1/25 5:21:01 a. m.,13/1/25 8:51:08 a. m.,EntryAnticipado_Long_05,TP1_Long_05,$22660,$-1.17020,$190,$000,$000,$000,$000,$4400,$75900,$53240,211,
63,MNQ 03-25,Playback101,,Long,1,20723.50,20837.75,13/1/25 5:21:01 a. m.,13/1/25 8:51:08 a. m.,EntryAnticipado_Long_05,TP1_Long_05,$22660,$-94360,$190,$000,$000,$000,$000,$4400,$75900,$53240,211,
64,MNQ 03-25,Playback101,,Long,1,20723.50,21103.00,13/1/25 5:21:01 a. m.,13/1/25 6:45:40 p. m.,EntryAnticipado_Long_05,TP2_Long_05,$75710,$-18650,$190,$000,$000,$000,$000,$4400,$75900,$190,759,
65,MNQ 03-25,Playback101,,Short,1,21015.75,21015.25,13/1/25 7:03:01 p. m.,13/1/25 7:03:06 p. m.,EntryAnticipado_Short_01,TP1_Short_01,$-090,$-18740,$190,$000,$000,$000,$000,$2950,$500,$590,1,
66,MNQ 03-25,Playback101,,Short,1,21015.75,21015.25,13/1/25 7:03:01 p. m.,13/1/25 7:03:06 p. m.,EntryAnticipado_Short_01,TP1_Short_01,$-090,$-18830,$190,$000,$000,$000,$000,$2950,$500,$590,1,
67,MNQ 03-25,Playback101,,Short,1,21015.75,21015.25,13/1/25 7:03:01 p. m.,13/1/25 7:03:06 p. m.,EntryAnticipado_Short_01,TP1_Short_01,$-090,$-18920,$190,$000,$000,$000,$000,$2950,$500,$590,1,
68,MNQ 03-25,Playback101,,Short,1,21015.75,21030.50,13/1/25 7:03:01 p. m.,13/1/25 7:05:26 p. m.,EntryAnticipado_Short_01,SL_Short_01,$-3140,$-22060,$190,$000,$000,$000,$000,$2950,$500,$3640,3,
69,MNQ 03-25,Playback101,,Short,1,21016.00,21030.25,13/1/25 7:03:01 p. m.,13/1/25 7:05:26 p. m.,EntryAnticipado_Short_01,SL_Short_01,$-3040,$-25100,$190,$000,$000,$000,$000,$2850,$550,$3590,3,
70,MNQ 03-25,Playback101,,Short,6,21038.00,21049.00,13/1/25 7:23:03 p. m.,13/1/25 7:31:26 p. m.,EntryAnticipado_Short_01,SL_Short_01,$-14340,$-39440,$1140,$000,$000,$000,$000,$20100,$2700,$17040,9,
71,MNQ 03-25,Playback101,,Short,1,21038.00,21048.75,13/1/25 7:23:03 p. m.,13/1/25 7:31:26 p. m.,EntryAnticipado_Short_01,SL_Short_01,$-2340,$-41780,$190,$000,$000,$000,$000,$3350,$450,$2790,9,
72,MNQ 03-25,Playback101,,Short,1,21038.25,21048.75,13/1/25 7:23:03 p. m.,13/1/25 7:31:26 p. m.,EntryAnticipado_Short_01,SL_Short_01,$-2290,$-44070,$190,$000,$000,$000,$000,$3300,$500,$2790,9,
73,MNQ 03-25,Playback101,,Short,4,21078.50,21053.75,13/1/25 7:42:02 p. m.,13/1/25 7:53:50 p. m.,EntryAnticipado_Short_02,TP1_Short_02,$19040,$-25030,$760,$000,$000,$000,$000,$10000,$65000,$45960,12,
74,MNQ 03-25,Playback101,,Short,2,21078.50,21089.00,13/1/25 7:42:02 p. m.,14/1/25 4:19:24 a. m.,EntryAnticipado_Short_02,SL_Short_02,$-4580,$-29610,$380,$000,$000,$000,$000,$5000,$32500,$37080,518,
75,MNQ 03-25,Playback101,,Short,1,21078.75,21089.00,13/1/25 7:42:02 p. m.,14/1/25 4:19:24 a. m.,EntryAnticipado_Short_02,SL_Short_02,$-2240,$-31850,$190,$000,$000,$000,$000,$2450,$16300,$18540,518,
76,MNQ 03-25,Playback101,,Short,3,21091.00,21105.75,14/1/25 4:28:01 a. m.,14/1/25 4:41:31 a. m.,EntryAnticipado_Short_01,SL_Short_01,$-9420,$-41270,$570,$000,$000,$000,$000,$9450,$9300,$18720,14,
77,MNQ 03-25,Playback101,,Short,1,21091.25,21105.75,14/1/25 4:28:01 a. m.,14/1/25 4:41:31 a. m.,EntryAnticipado_Short_01,SL_Short_01,$-3090,$-44360,$190,$000,$000,$000,$000,$3100,$3150,$6240,14,
78,MNQ 03-25,Playback101,,Short,1,21091.25,21105.50,14/1/25 4:28:01 a. m.,14/1/25 4:41:31 a. m.,EntryAnticipado_Short_01,SL_Short_01,$-3040,$-47400,$190,$000,$000,$000,$000,$3100,$3150,$6190,14,
79,MNQ 03-25,Playback101,,Short,2,21123.50,21070.25,14/1/25 4:59:01 a. m.,14/1/25 7:19:26 a. m.,EntryAnticipado_Short_02,TP1_Short_02,$20920,$-26480,$380,$000,$000,$000,$000,$2500,$51000,$30080,141,
80,MNQ 03-25,Playback101,,Short,1,21123.50,20997.25,14/1/25 4:59:01 a. m.,14/1/25 8:21:01 a. m.,EntryAnticipado_Short_02,TP2_Short_02,$25060,$-1420,$190,$000,$000,$000,$000,$1250,$25500,$440,203,
81,MNQ 03-25,Playback101,,Short,1,21123.50,20997.25,14/1/25 4:59:01 a. m.,14/1/25 8:21:01 a. m.,EntryAnticipado_Short_02,TP2_Short_02,$25060,$23640,$190,$000,$000,$000,$000,$1250,$25500,$440,203,
82,MNQ 03-25,Playback101,,Long,1,20995.50,20972.25,14/1/25 8:26:01 a. m.,14/1/25 9:15:03 a. m.,EntryAnticipado_Long_01,SL_Long_01,$-4840,$18800,$190,$000,$000,$000,$000,$5450,$6200,$11040,50,
83,MNQ 03-25,Playback101,,Long,3,20995.25,20972.25,14/1/25 8:26:01 a. m.,14/1/25 9:15:03 a. m.,EntryAnticipado_Long_01,SL_Long_01,$-14370,$4430,$570,$000,$000,$000,$000,$16200,$18750,$33120,50,
84,MNQ 03-25,Playback101,,Long,1,20906.00,20874.50,14/1/25 12:08:01 p. m.,14/1/25 12:41:06 p. m.,EntryAnticipado_Long_01,SL_Long_01,$-6490,$-2060,$190,$000,$000,$000,$000,$7000,$10050,$16540,34,
85,MNQ 03-25,Playback101,,Long,1,20906.00,20874.75,14/1/25 12:08:01 p. m.,14/1/25 12:41:06 p. m.,EntryAnticipado_Long_01,SL_Long_01,$-6440,$-8500,$190,$000,$000,$000,$000,$7000,$10050,$16490,34,
86,MNQ 03-25,Playback101,,Long,2,20849.25,20807.25,14/1/25 1:08:01 p. m.,14/1/25 1:34:36 p. m.,EntryAnticipado_Long_02,SL_Long_02,$-17180,$-25680,$380,$000,$000,$000,$000,$17600,$11000,$28180,27,
87,MNQ 03-25,Playback101,,Long,1,20824.75,20984.50,14/1/25 1:38:01 p. m.,14/1/25 2:43:39 p. m.,EntryAnticipado_Long_03,TP1_Long_03,$31760,$6080,$190,$000,$000,$000,$000,$7950,$37650,$5890,66,
88,MNQ 03-25,Playback101,,Long,1,20824.75,20791.25,14/1/25 1:38:01 p. m.,14/1/25 4:04:39 p. m.,EntryAnticipado_Long_03,SL_Long_03,$-6890,$-810,$190,$000,$000,$000,$000,$7950,$37650,$44540,147,
89,MNQ 03-25,Playback101,,Long,1,20810.25,20964.25,14/1/25 4:20:01 p. m.,14/1/25 5:04:00 p. m.,EntryAnticipado_Long_04,TP1_Long_04,$30610,$29800,$190,$000,$000,$000,$000,$4200,$70700,$40090,44,
90,MNQ 03-25,Playback101,,Long,1,20810.25,21163.75,14/1/25 4:20:01 p. m.,15/1/25 9:30:07 a. m.,EntryAnticipado_Long_04,TP2_Long_04,$70510,$1.00310,$190,$000,$000,$000,$000,$4200,$70700,$190,971,
91,MNQ 03-25,Playback101,,Short,1,21282.25,21313.50,15/1/25 9:43:01 a. m.,15/1/25 9:45:25 a. m.,EntryAnticipado_Short_01,SL_Short_01,$-6440,$93870,$190,$000,$000,$000,$000,$7000,$1000,$7440,3,
92,MNQ 03-25,Playback101,,Short,1,21282.50,21313.25,15/1/25 9:43:01 a. m.,15/1/25 9:45:25 a. m.,EntryAnticipado_Short_01,SL_Short_01,$-6340,$87530,$190,$000,$000,$000,$000,$6950,$1050,$7390,3,
93,MNQ 03-25,Playback101,,Short,2,21302.25,21329.50,15/1/25 9:51:01 a. m.,15/1/25 10:48:01 a. m.,EntryAnticipado_Short_02,SL_Short_02,$-11280,$76250,$380,$000,$000,$000,$000,$13800,$46300,$57580,58,
94,MNQ 03-25,Playback101,,Short,1,21302.50,21329.25,15/1/25 9:51:01 a. m.,15/1/25 10:48:01 a. m.,EntryAnticipado_Short_02,SL_Short_02,$-5540,$70710,$190,$000,$000,$000,$000,$6850,$23200,$28740,58,
95,MNQ 03-25,Playback101,,Short,2,21303.25,21346.75,15/1/25 10:56:01 a. m.,15/1/25 11:00:27 a. m.,EntryAnticipado_Short_01,SL_Short_01,$-17780,$52930,$380,$000,$000,$000,$000,$18100,$100,$17880,5,
96,MNQ 03-25,Playback101,,Short,2,21388.25,21275.25,15/1/25 11:29:01 a. m.,15/1/25 12:32:18 p. m.,EntryAnticipado_Short_02,TP1_Short_02,$44820,$97750,$380,$000,$000,$000,$000,$9500,$56800,$11980,64,
97,MNQ 03-25,Playback101,,Short,2,21388.50,21408.75,15/1/25 11:29:01 a. m.,15/1/25 3:28:15 p. m.,EntryAnticipado_Short_02,SL_Short_02,$-8480,$89270,$380,$000,$000,$000,$000,$9400,$56900,$65380,240,
98,MNQ 03-25,Playback101,,Short,3,21423.00,21436.00,15/1/25 3:42:01 p. m.,15/1/25 4:11:57 p. m.,EntryAnticipado_Short_01,SL_Short_01,$-8370,$80900,$570,$000,$000,$000,$000,$8850,$11850,$20220,30,
99,MNQ 03-25,Playback101,,Short,3,21423.25,21435.75,15/1/25 3:42:01 p. m.,15/1/25 4:11:57 p. m.,EntryAnticipado_Short_01,SL_Short_01,$-8070,$72830,$570,$000,$000,$000,$000,$8700,$12000,$20070,30,
100,MNQ 03-25,Playback101,,Short,4,21441.50,21303.00,15/1/25 4:29:01 p. m.,15/1/25 6:58:53 p. m.,EntryAnticipado_Short_01,TP1_Short_01,$1.10040,$1.82870,$760,$000,$000,$000,$000,$10400,$1.10800,$760,91,
101,MNQ 03-25,Playback101,,Short,1,21441.50,21453.25,15/1/25 4:29:01 p. m.,16/1/25 2:40:29 a. m.,EntryAnticipado_Short_01,SL_Short_01,$-2540,$1.80330,$190,$000,$000,$000,$000,$2600,$27700,$30240,552,
102,MNQ 03-25,Playback101,,Short,1,21441.50,21453.00,15/1/25 4:29:01 p. m.,16/1/25 2:40:29 a. m.,EntryAnticipado_Short_01,SL_Short_01,$-2490,$1.77840,$190,$000,$000,$000,$000,$2600,$27700,$30190,552,
103,MNQ 03-25,Playback101,,Short,1,21441.75,21453.00,15/1/25 4:29:01 p. m.,16/1/25 2:40:29 a. m.,EntryAnticipado_Short_01,SL_Short_01,$-2440,$1.75400,$190,$000,$000,$000,$000,$2550,$27750,$30190,552,
104,MNQ 03-25,Playback101,,Short,3,21437.50,21455.00,16/1/25 2:44:01 a. m.,16/1/25 2:59:03 a. m.,EntryAnticipado_Short_01,SL_Short_01,$-11070,$1.64330,$570,$000,$000,$000,$000,$11550,$6150,$17220,16,
105,MNQ 03-25,Playback101,,Short,1,21437.75,21455.00,16/1/25 2:44:01 a. m.,16/1/25 2:59:03 a. m.,EntryAnticipado_Short_01,SL_Short_01,$-3640,$1.60690,$190,$000,$000,$000,$000,$3800,$2100,$5740,16,
106,MNQ 03-25,Playback101,,Short,1,21437.75,21454.75,16/1/25 2:44:01 a. m.,16/1/25 2:59:03 a. m.,EntryAnticipado_Short_01,SL_Short_01,$-3590,$1.57100,$190,$000,$000,$000,$000,$3800,$2100,$5690,16,
107,MNQ 03-25,Playback101,,Short,2,21547.25,21492.75,16/1/25 4:03:01 a. m.,16/1/25 5:29:13 a. m.,EntryAnticipado_Short_01,TP1_Short_01,$21420,$1.78520,$380,$000,$000,$000,$000,$1100,$78900,$57480,87,
108,MNQ 03-25,Playback101,,Short,1,21547.50,21352.75,16/1/25 4:03:01 a. m.,16/1/25 11:00:03 a. m.,EntryAnticipado_Short_01,TP2_Short_01,$38760,$2.17280,$190,$000,$000,$000,$000,$500,$39500,$740,418,
109,MNQ 03-25,Playback101,,Short,1,21547.50,21352.75,16/1/25 4:03:01 a. m.,16/1/25 11:00:03 a. m.,EntryAnticipado_Short_01,TP2_Short_01,$38760,$2.56040,$190,$000,$000,$000,$000,$500,$39500,$740,418,
110,MNQ 03-25,Playback101,,Long,1,21411.50,21428.00,16/1/25 11:08:01 a. m.,16/1/25 12:00:28 p. m.,EntryAnticipado_Long_01,TP1_Long_01,$3110,$2.59150,$190,$000,$000,$000,$000,$14450,$3300,$190,53,
111,MNQ 03-25,Playback101,,Long,1,21193.25,21379.75,16/1/25 5:28:01 p. m.,17/1/25 9:06:28 a. m.,EntryAnticipado_Long_01,TP1_Long_01,$37110,$2.96260,$190,$000,$000,$000,$000,$550,$75550,$38440,879,
112,MNQ 03-25,Playback101,,Long,1,21193.25,21379.75,16/1/25 5:28:01 p. m.,17/1/25 9:06:28 a. m.,EntryAnticipado_Long_01,TP1_Long_01,$37110,$3.33370,$190,$000,$000,$000,$000,$550,$75550,$38440,879,
113,MNQ 03-25,Playback101,,Long,2,21193.00,21566.75,16/1/25 5:28:01 p. m.,17/1/25 10:04:17 a. m.,EntryAnticipado_Long_01,TP2_Long_01,$1.49120,$4.82490,$380,$000,$000,$000,$000,$1000,$1.51200,$2080,937,
114,MNQ 03-25,Playback101,,Short,1,21608.25,21625.25,17/1/25 10:20:00 a. m.,17/1/25 10:26:44 a. m.,EntryAnticipado_Short_01,SL_Short_01,$-3590,$4.78900,$190,$000,$000,$000,$000,$4500,$4650,$8240,7,
115,MNQ 03-25,Playback101,,Short,3,21608.50,21625.25,17/1/25 10:20:00 a. m.,17/1/25 10:26:44 a. m.,EntryAnticipado_Short_01,SL_Short_01,$-10620,$4.68280,$570,$000,$000,$000,$000,$13350,$14100,$24720,7,
116,MNQ 03-25,Playback101,,Short,1,21586.00,21586.50,17/1/25 10:32:01 a. m.,17/1/25 5:59:00 p. m.,EntryAnticipado_Short_02,Exit_Short_Market,$-290,$4.67990,$190,$000,$000,$000,$000,$17300,$21000,$21290,448,
117,MNQ 03-25,Playback101,,Short,3,21625.00,21587.25,20/1/25 4:14:02 a. m.,20/1/25 8:20:01 a. m.,EntryAnticipado_Short_01,TP1_Short_01,$22080,$4.90070,$570,$000,$000,$000,$000,$8100,$52200,$30120,247,
118,MNQ 03-25,Playback101,,Short,1,21625.00,21638.25,20/1/25 4:14:02 a. m.,20/1/25 9:30:16 a. m.,EntryAnticipado_Short_01,SL_Short_01,$-2840,$4.87230,$190,$000,$000,$000,$000,$2700,$17400,$20240,317,
119,MNQ 03-25,Playback101,,Short,2,21625.25,21638.00,20/1/25 4:14:02 a. m.,20/1/25 9:30:16 a. m.,EntryAnticipado_Short_01,SL_Short_01,$-5480,$4.81750,$380,$000,$000,$000,$000,$5300,$34900,$40380,317,
120,MNQ 03-25,Playback101,,Short,1,21619.50,21656.50,20/1/25 9:37:01 a. m.,20/1/25 9:51:43 a. m.,EntryAnticipado_Short_02,SL_Short_02,$-7590,$4.74160,$190,$000,$000,$000,$000,$7900,$2300,$9890,15,
121,MNQ 03-25,Playback101,,Short,1,21619.75,21656.50,20/1/25 9:37:01 a. m.,20/1/25 9:51:43 a. m.,EntryAnticipado_Short_02,SL_Short_02,$-7540,$4.66620,$190,$000,$000,$000,$000,$7850,$2350,$9890,15,
122,MNQ 03-25,Playback101,,Short,2,21683.50,21704.50,20/1/25 10:08:01 a. m.,20/1/25 10:22:36 a. m.,EntryAnticipado_Short_01,SL_Short_01,$-8780,$4.57840,$380,$000,$000,$000,$000,$9500,$10000,$18780,15,
123,MNQ 03-25,Playback101,,Short,2,21683.75,21704.50,20/1/25 10:08:01 a. m.,20/1/25 10:22:36 a. m.,EntryAnticipado_Short_01,SL_Short_01,$-8680,$4.49160,$380,$000,$000,$000,$000,$9400,$10100,$18780,15,
124,MNQ 03-25,Playback101,,Short,2,21740.00,21755.50,20/1/25 10:40:00 a. m.,20/1/25 10:40:58 a. m.,EntryAnticipado_Short_02,SL_Short_02,$-6580,$4.42580,$380,$000,$000,$000,$000,$7200,$3600,$10180,1,
125,MNQ 03-25,Playback101,,Short,2,21740.00,21755.25,20/1/25 10:40:00 a. m.,20/1/25 10:40:58 a. m.,EntryAnticipado_Short_02,SL_Short_02,$-6480,$4.36100,$380,$000,$000,$000,$000,$7200,$3600,$10080,1,
126,MNQ 03-25,Playback101,,Short,1,21740.25,21755.25,20/1/25 10:40:00 a. m.,20/1/25 10:40:58 a. m.,EntryAnticipado_Short_02,SL_Short_02,$-3190,$4.32910,$190,$000,$000,$000,$000,$3550,$1850,$5040,1,
127,MNQ 03-25,Playback101,,Short,1,21767.00,21649.00,20/1/25 10:50:01 a. m.,20/1/25 11:44:02 a. m.,EntryAnticipado_Short_03,TP1_Short_03,$23410,$4.56320,$190,$000,$000,$000,$000,$1050,$23950,$540,55,
128,MNQ 03-25,Playback101,,Short,1,21767.00,21649.00,20/1/25 10:50:01 a. m.,20/1/25 11:44:02 a. m.,EntryAnticipado_Short_03,TP1_Short_03,$23410,$4.79730,$190,$000,$000,$000,$000,$1050,$23950,$540,55,
129,MNQ 03-25,Playback101,,Short,1,21767.25,21649.00,20/1/25 10:50:01 a. m.,20/1/25 11:44:02 a. m.,EntryAnticipado_Short_03,TP1_Short_03,$23460,$5.03190,$190,$000,$000,$000,$000,$3400,$79400,$55940,55,
130,MNQ 03-25,Playback101,,Short,2,21767.25,21780.25,20/1/25 10:50:01 a. m.,21/1/25 5:02:12 p. m.,EntryAnticipado_Short_03,SL_Short_03,$-5580,$4.97610,$380,$000,$000,$000,$000,$6800,$1.58800,$1.64380,1513,
131,MNQ 03-25,Playback101,,Short,2,21753.75,21799.25,21/1/25 5:11:01 p. m.,21/1/25 7:00:02 p. m.,EntryAnticipado_Short_01,SL_Short_01,$-18580,$4.79030,$380,$000,$000,$000,$000,$24300,$2700,$21280,50,
132,MNQ 03-25,Playback101,,Long,1,21787.50,21787.00,21/1/25 7:31:03 p. m.,21/1/25 7:31:03 p. m.,TP1_Short_01,EntryAnticipado_Short_01,$-290,$4.78740,$190,$000,$000,$000,$000,$100,$100,$390,1,
133,MNQ 03-25,Playback101,,Short,1,21787.25,21820.25,21/1/25 7:31:03 p. m.,21/1/25 8:10:31 p. m.,EntryAnticipado_Short_01,SL_Short_01,$-6790,$4.71950,$190,$000,$000,$000,$000,$6900,$150,$6940,40,
134,MNQ 03-25,Playback101,,Short,3,21810.25,21823.75,21/1/25 8:13:01 p. m.,21/1/25 8:31:07 p. m.,EntryAnticipado_Short_02,SL_Short_02,$-8670,$4.63280,$570,$000,$000,$000,$000,$9450,$3600,$12270,19,
135,MNQ 03-25,Playback101,,Short,3,21810.25,21823.50,21/1/25 8:13:01 p. m.,21/1/25 8:31:07 p. m.,EntryAnticipado_Short_02,SL_Short_02,$-8520,$4.54760,$570,$000,$000,$000,$000,$9450,$3600,$12120,19,
136,MNQ 03-25,Playback101,,Short,7,21836.00,21843.50,21/1/25 8:55:03 p. m.,21/1/25 10:07:01 p. m.,EntryAnticipado_Short_03,SL_Short_03,$-11830,$4.42930,$1330,$000,$000,$000,$000,$13650,$34300,$46130,73,
137,MNQ 03-25,Playback101,,Short,4,21836.25,21843.25,21/1/25 8:55:03 p. m.,21/1/25 10:07:01 p. m.,EntryAnticipado_Short_03,SL_Short_03,$-6360,$4.36570,$760,$000,$000,$000,$000,$7600,$19800,$26160,73,
138,MNQ 03-25,Playback101,,Short,2,21838.50,21846.25,21/1/25 10:28:03 p. m.,21/1/25 10:34:11 p. m.,EntryAnticipado_Short_04,SL_Short_04,$-3480,$4.33090,$380,$000,$000,$000,$000,$3200,$900,$4380,7,
139,MNQ 03-25,Playback101,,Short,7,21838.75,21846.25,21/1/25 10:28:03 p. m.,21/1/25 10:34:11 p. m.,EntryAnticipado_Short_04,SL_Short_04,$-11830,$4.21260,$1330,$000,$000,$000,$000,$10850,$3500,$15330,7,
140,MNQ 03-25,Playback101,,Short,1,21838.75,21846.00,21/1/25 10:28:03 p. m.,21/1/25 10:34:11 p. m.,EntryAnticipado_Short_04,SL_Short_04,$-1640,$4.19620,$190,$000,$000,$000,$000,$1550,$500,$2140,7,
141,MNQ 03-25,Playback101,,Short,7,21843.25,21850.50,21/1/25 10:41:01 p. m.,21/1/25 11:13:01 p. m.,EntryAnticipado_Short_05,SL_Short_05,$-11480,$4.08140,$1330,$000,$000,$000,$000,$11200,$19600,$31080,33,
142,MNQ 03-25,Playback101,,Short,3,21843.25,21850.25,21/1/25 10:41:01 p. m.,21/1/25 11:13:01 p. m.,EntryAnticipado_Short_05,SL_Short_05,$-4770,$4.03370,$570,$000,$000,$000,$000,$4800,$8400,$13170,33,
143,MNQ 03-25,Playback101,,Short,2,21843.50,21850.25,21/1/25 10:41:01 p. m.,21/1/25 11:13:01 p. m.,EntryAnticipado_Short_05,SL_Short_05,$-3080,$4.00290,$380,$000,$000,$000,$000,$3100,$5700,$8780,33,
144,MNQ 03-25,Playback101,,Short,4,21844.00,21853.25,21/1/25 11:18:01 p. m.,21/1/25 11:38:28 p. m.,EntryAnticipado_Short_06,SL_Short_06,$-8160,$3.92130,$760,$000,$000,$000,$000,$8800,$2800,$10960,21,
145,MNQ 03-25,Playback101,,Short,3,21844.25,21853.25,21/1/25 11:18:01 p. m.,21/1/25 11:38:28 p. m.,EntryAnticipado_Short_06,SL_Short_06,$-5970,$3.86160,$570,$000,$000,$000,$000,$6450,$2250,$8220,21,
146,MNQ 03-25,Playback101,,Short,2,21844.25,21853.00,21/1/25 11:18:01 p. m.,21/1/25 11:38:28 p. m.,EntryAnticipado_Short_06,SL_Short_06,$-3880,$3.82280,$380,$000,$000,$000,$000,$4300,$1500,$5380,21,
147,MNQ 03-25,Playback101,,Short,10,21850.00,21857.50,21/1/25 11:41:01 p. m.,21/1/25 11:57:34 p. m.,EntryAnticipado_Short_07,SL_Short_07,$-16900,$3.65380,$1900,$000,$000,$000,$000,$15500,$5000,$21900,17,
148,MNQ 03-25,Playback101,,Short,2,21850.25,21857.25,21/1/25 11:41:01 p. m.,21/1/25 11:57:34 p. m.,EntryAnticipado_Short_07,SL_Short_07,$-3180,$3.62200,$380,$000,$000,$000,$000,$3000,$1100,$4280,17,
149,MNQ 03-25,Playback101,,Short,28,21855.50,21858.75,22/1/25 12:04:02 a. m.,22/1/25 12:31:14 a. m.,EntryAnticipado_Short_08,SL_Short_08,$-23520,$3.38680,$5320,$000,$000,$000,$000,$29400,$19600,$43120,28,
150,MNQ 03-25,Playback101,,Short,2,21855.75,21858.50,22/1/25 12:04:02 a. m.,22/1/25 12:31:14 a. m.,EntryAnticipado_Short_08,SL_Short_08,$-1480,$3.37200,$380,$000,$000,$000,$000,$2000,$1500,$2980,28,
151,MNQ 03-25,Playback101,,Short,7,21868.25,21877.50,22/1/25 12:44:01 a. m.,22/1/25 4:19:49 a. m.,EntryAnticipado_Short_09,SL_Short_09,$-14280,$3.22920,$1330,$000,$000,$000,$000,$16450,$40600,$54880,216,
152,MNQ 03-25,Playback101,,Short,1,21868.25,21877.25,22/1/25 12:44:01 a. m.,22/1/25 4:19:49 a. m.,EntryAnticipado_Short_09,SL_Short_09,$-1990,$3.20930,$190,$000,$000,$000,$000,$2350,$5800,$7790,216,
153,MNQ 03-25,Playback101,,Short,1,21868.50,21877.25,22/1/25 12:44:01 a. m.,22/1/25 4:19:49 a. m.,EntryAnticipado_Short_09,SL_Short_09,$-1940,$3.18990,$190,$000,$000,$000,$000,$2300,$5850,$7790,216,
154,MNQ 03-25,Playback101,,Short,6,21872.75,21882.50,22/1/25 4:27:01 a. m.,22/1/25 4:40:45 a. m.,EntryAnticipado_Short_01,SL_Short_01,$-12840,$3.06150,$1140,$000,$000,$000,$000,$13800,$6000,$18840,14,
155,MNQ 03-25,Playback101,,Short,2,21873.00,21882.50,22/1/25 4:27:01 a. m.,22/1/25 4:40:45 a. m.,EntryAnticipado_Short_01,SL_Short_01,$-4180,$3.01970,$380,$000,$000,$000,$000,$4500,$2100,$6280,14,
156,MNQ 03-25,Playback101,,Short,1,21873.00,21882.25,22/1/25 4:27:01 a. m.,22/1/25 4:40:45 a. m.,EntryAnticipado_Short_01,SL_Short_01,$-2040,$2.99930,$190,$000,$000,$000,$000,$2250,$1050,$3090,14,
157,MNQ 03-25,Playback101,,Short,7,21880.00,21888.50,22/1/25 4:45:01 a. m.,22/1/25 4:47:42 a. m.,EntryAnticipado_Short_02,SL_Short_02,$-13230,$2.86700,$1330,$000,$000,$000,$000,$12250,$2800,$16030,3,
158,MNQ 03-25,Playback101,,Short,2,21880.25,21888.50,22/1/25 4:45:01 a. m.,22/1/25 4:47:42 a. m.,EntryAnticipado_Short_02,SL_Short_02,$-3680,$2.83020,$380,$000,$000,$000,$000,$3400,$900,$4580,3,
159,MNQ 03-25,Playback101,,Short,1,21880.25,21888.25,22/1/25 4:45:01 a. m.,22/1/25 4:47:42 a. m.,EntryAnticipado_Short_02,SL_Short_02,$-1790,$2.81230,$190,$000,$000,$000,$000,$1700,$450,$2240,3,
160,MNQ 03-25,Playback101,,Short,10,21888.00,21895.00,22/1/25 4:57:03 a. m.,22/1/25 4:57:55 a. m.,EntryAnticipado_Short_03,SL_Short_03,$-15900,$2.65330,$1900,$000,$000,$000,$000,$14000,$1000,$16900,1,
161,MNQ 03-25,Playback101,,Short,2,21888.00,21894.75,22/1/25 4:57:03 a. m.,22/1/25 4:57:55 a. m.,EntryAnticipado_Short_03,SL_Short_03,$-3080,$2.62250,$380,$000,$000,$000,$000,$2800,$200,$3280,1,
162,MNQ 03-25,Playback101,,Short,1,21888.25,21894.75,22/1/25 4:57:03 a. m.,22/1/25 4:57:55 a. m.,EntryAnticipado_Short_03,SL_Short_03,$-1490,$2.60760,$190,$000,$000,$000,$000,$1350,$050,$1540,1,
163,MNQ 03-25,Playback101,,Short,1,21879.50,21897.25,22/1/25 5:04:01 a. m.,22/1/25 5:15:50 a. m.,EntryAnticipado_Short_04,SL_Short_04,$-3740,$2.57020,$190,$000,$000,$000,$000,$3850,$600,$4340,12,
164,MNQ 03-25,Playback101,,Short,3,21879.50,21897.00,22/1/25 5:04:01 a. m.,22/1/25 5:15:50 a. m.,EntryAnticipado_Short_04,SL_Short_04,$-11070,$2.45950,$570,$000,$000,$000,$000,$11550,$1800,$12870,12,
165,MNQ 03-25,Playback101,,Short,2,21885.50,21899.75,22/1/25 5:20:01 a. m.,22/1/25 5:31:27 a. m.,EntryAnticipado_Short_01,SL_Short_01,$-6080,$2.39870,$380,$000,$000,$000,$000,$8000,$1700,$7780,12,
166,MNQ 03-25,Playback101,,Short,2,21885.50,21899.50,22/1/25 5:20:01 a. m.,22/1/25 5:31:27 a. m.,EntryAnticipado_Short_01,SL_Short_01,$-5980,$2.33890,$380,$000,$000,$000,$000,$8000,$1700,$7680,12,
167,MNQ 03-25,Playback101,,Short,1,21885.75,21899.50,22/1/25 5:20:01 a. m.,22/1/25 5:31:27 a. m.,EntryAnticipado_Short_01,SL_Short_01,$-2940,$2.30950,$190,$000,$000,$000,$000,$3950,$900,$3840,12,
168,MNQ 03-25,Playback101,,Short,6,21897.50,21907.75,22/1/25 5:34:01 a. m.,22/1/25 8:14:11 a. m.,EntryAnticipado_Short_02,SL_Short_02,$-13440,$2.17510,$1140,$000,$000,$000,$000,$16800,$34200,$47640,161,
169,MNQ 03-25,Playback101,,Short,1,21897.75,21907.75,22/1/25 5:34:01 a. m.,22/1/25 8:14:11 a. m.,EntryAnticipado_Short_02,SL_Short_02,$-2190,$2.15320,$190,$000,$000,$000,$000,$2750,$5750,$7940,161,
170,MNQ 03-25,Playback101,,Short,1,21897.75,21907.50,22/1/25 5:34:01 a. m.,22/1/25 8:14:11 a. m.,EntryAnticipado_Short_02,SL_Short_02,$-2140,$2.13180,$190,$000,$000,$000,$000,$2750,$5750,$7890,161,
171,MNQ 03-25,Playback101,,Short,3,21902.50,21913.00,22/1/25 8:17:01 a. m.,22/1/25 8:44:02 a. m.,EntryAnticipado_Short_03,SL_Short_03,$-6870,$2.06310,$570,$000,$000,$000,$000,$7650,$4650,$11520,28,
172,MNQ 03-25,Playback101,,Short,3,21902.75,21913.00,22/1/25 8:17:01 a. m.,22/1/25 8:44:02 a. m.,EntryAnticipado_Short_03,SL_Short_03,$-6720,$1.99590,$570,$000,$000,$000,$000,$7500,$4800,$11520,28,
173,MNQ 03-25,Playback101,,Short,2,21902.75,21912.75,22/1/25 8:17:01 a. m.,22/1/25 8:44:02 a. m.,EntryAnticipado_Short_03,SL_Short_03,$-4380,$1.95210,$380,$000,$000,$000,$000,$5000,$3200,$7580,28,
174,MNQ 03-25,Playback101,,Short,4,21906.00,21915.75,22/1/25 8:48:01 a. m.,22/1/25 8:55:17 a. m.,EntryAnticipado_Short_04,SL_Short_04,$-8560,$1.86650,$760,$000,$000,$000,$000,$9200,$2600,$11160,8,
175,MNQ 03-25,Playback101,,Short,2,21906.00,21915.50,22/1/25 8:48:01 a. m.,22/1/25 8:55:17 a. m.,EntryAnticipado_Short_04,SL_Short_04,$-4180,$1.82470,$380,$000,$000,$000,$000,$4600,$1300,$5480,8,
176,MNQ 03-25,Playback101,,Short,2,21906.25,21915.50,22/1/25 8:48:01 a. m.,22/1/25 8:55:17 a. m.,EntryAnticipado_Short_04,SL_Short_04,$-4080,$1.78390,$380,$000,$000,$000,$000,$4500,$1400,$5480,8,
177,MNQ 03-25,Playback101,,Short,10,21913.25,21920.25,22/1/25 8:59:01 a. m.,22/1/25 9:12:41 a. m.,EntryAnticipado_Short_05,SL_Short_05,$-15900,$1.62490,$1900,$000,$000,$000,$000,$17500,$18500,$34400,14,
178,MNQ 03-25,Playback101,,Short,1,21913.50,21920.25,22/1/25 8:59:01 a. m.,22/1/25 9:12:41 a. m.,EntryAnticipado_Short_05,SL_Short_05,$-1540,$1.60950,$190,$000,$000,$000,$000,$1700,$1900,$3440,14,
179,MNQ 03-25,Playback101,,Short,1,21913.50,21920.00,22/1/25 8:59:01 a. m.,22/1/25 9:12:41 a. m.,EntryAnticipado_Short_05,SL_Short_05,$-1490,$1.59460,$190,$000,$000,$000,$000,$1700,$1900,$3390,14,
180,MNQ 03-25,Playback101,,Short,3,21916.50,21924.50,22/1/25 9:22:01 a. m.,22/1/25 9:28:01 a. m.,EntryAnticipado_Short_06,SL_Short_06,$-5370,$1.54090,$570,$000,$000,$000,$000,$4950,$3000,$8370,7,
181,MNQ 03-25,Playback101,,Short,4,21916.75,21924.50,22/1/25 9:22:01 a. m.,22/1/25 9:28:01 a. m.,EntryAnticipado_Short_06,SL_Short_06,$-6960,$1.47130,$760,$000,$000,$000,$000,$6400,$4200,$11160,7,
182,MNQ 03-25,Playback101,,Short,3,21916.75,21924.25,22/1/25 9:22:01 a. m.,22/1/25 9:28:01 a. m.,EntryAnticipado_Short_06,SL_Short_06,$-5070,$1.42060,$570,$000,$000,$000,$000,$4800,$3150,$8220,7,
183,MNQ 03-25,Playback101,,Short,16,21926.25,21930.75,22/1/25 9:35:01 a. m.,22/1/25 9:43:30 a. m.,EntryAnticipado_Short_07,SL_Short_07,$-17440,$1.24620,$3040,$000,$000,$000,$000,$15200,$17600,$35040,9,
184,MNQ 03-25,Playback101,,Short,3,21926.25,21930.50,22/1/25 9:35:01 a. m.,22/1/25 9:43:30 a. m.,EntryAnticipado_Short_07,SL_Short_07,$-3120,$1.21500,$570,$000,$000,$000,$000,$2850,$3300,$6420,9,
185,MNQ 03-25,Playback101,,Short,1,21926.50,21930.50,22/1/25 9:35:01 a. m.,22/1/25 9:43:30 a. m.,EntryAnticipado_Short_07,SL_Short_07,$-990,$1.20510,$190,$000,$000,$000,$000,$900,$1150,$2140,9,
186,MNQ 03-25,Playback101,,Short,11,21927.75,21934.25,22/1/25 9:47:01 a. m.,22/1/25 9:51:47 a. m.,EntryAnticipado_Short_08,SL_Short_08,$-16390,$1.04120,$2090,$000,$000,$000,$000,$14300,$7150,$23540,5,
187,MNQ 03-25,Playback101,,Short,2,21927.75,21934.00,22/1/25 9:47:01 a. m.,22/1/25 9:51:47 a. m.,EntryAnticipado_Short_08,SL_Short_08,$-2880,$1.01240,$380,$000,$000,$000,$000,$2600,$1300,$4180,5,
188,MNQ 03-25,Playback101,,Short,1,21928.00,21934.00,22/1/25 9:47:01 a. m.,22/1/25 9:51:47 a. m.,EntryAnticipado_Short_08,SL_Short_08,$-1390,$99850,$190,$000,$000,$000,$000,$1250,$700,$2090,5,
189,MNQ 03-25,Playback101,,Short,6,21927.00,21935.00,22/1/25 9:57:01 a. m.,22/1/25 10:31:24 a. m.,EntryAnticipado_Short_09,SL_Short_09,$-10740,$89110,$1140,$000,$000,$000,$000,$13200,$33900,$44640,35,
190,MNQ 03-25,Playback101,,Short,1,21927.25,21935.00,22/1/25 9:57:01 a. m.,22/1/25 10:31:24 a. m.,EntryAnticipado_Short_09,SL_Short_09,$-1740,$87370,$190,$000,$000,$000,$000,$2150,$5700,$7440,35,
191,MNQ 03-25,Playback101,,Short,3,21927.25,21934.75,22/1/25 9:57:01 a. m.,22/1/25 10:31:24 a. m.,EntryAnticipado_Short_09,SL_Short_09,$-5070,$82300,$570,$000,$000,$000,$000,$6450,$17100,$22170,35,
192,MNQ 03-25,Playback101,,Short,2,21958.00,21982.50,22/1/25 10:35:01 a. m.,22/1/25 10:49:57 a. m.,EntryAnticipado_Short_01,SL_Short_01,$-10180,$72120,$380,$000,$000,$000,$000,$11500,$12700,$22880,15,
193,MNQ 03-25,Playback101,,Short,1,21958.00,21982.25,22/1/25 10:35:01 a. m.,22/1/25 10:49:57 a. m.,EntryAnticipado_Short_01,SL_Short_01,$-5040,$67080,$190,$000,$000,$000,$000,$5750,$6350,$11390,15,
194,MNQ 03-25,Playback101,,Short,3,22014.00,22037.25,22/1/25 11:24:00 a. m.,22/1/25 11:37:52 a. m.,EntryAnticipado_Short_02,SL_Short_02,$-14520,$52560,$570,$000,$000,$000,$000,$16500,$10050,$24570,14,
195,MNQ 03-25,Playback101,,Short,2,22015.25,22043.25,22/1/25 11:52:01 a. m.,22/1/25 12:26:27 p. m.,EntryAnticipado_Short_03,SL_Short_03,$-11580,$40980,$380,$000,$000,$000,$000,$12300,$10300,$21880,35,
196,MNQ 03-25,Playback101,,Short,1,22015.25,22043.00,22/1/25 11:52:01 a. m.,22/1/25 12:26:27 p. m.,EntryAnticipado_Short_03,SL_Short_03,$-5740,$35240,$190,$000,$000,$000,$000,$6150,$5150,$10890,35,
197,MNQ 03-25,Playback101,,Short,1,22066.25,21982.50,22/1/25 1:15:01 p. m.,22/1/25 4:52:18 p. m.,EntryAnticipado_Short_04,TP1_Short_04,$16560,$51800,$190,$000,$000,$000,$000,$2350,$44600,$28040,218,
198,MNQ 03-25,Playback101,,Short,1,22066.25,21907.75,22/1/25 1:15:01 p. m.,24/1/25 5:59:01 p. m.,EntryAnticipado_Short_04,Exit_Short_Market,$31510,$83310,$190,$000,$000,$000,$000,$2350,$44600,$13090,3028,
199,MNQ 03-25,Playback101,,Long,2,21529.50,21511.25,26/1/25 9:45:01 p. m.,26/1/25 9:46:54 p. m.,EntryAnticipado_Long_01,SL_Long_01,$-7680,$75630,$380,$000,$000,$000,$000,$7300,$1100,$8780,2,
200,MNQ 03-25,Playback101,,Long,1,21529.50,21511.50,26/1/25 9:45:01 p. m.,26/1/25 9:46:54 p. m.,EntryAnticipado_Long_01,SL_Long_01,$-3790,$71840,$190,$000,$000,$000,$000,$3650,$550,$4340,2,
201,MNQ 03-25,Playback101,,Long,1,21529.25,21511.50,26/1/25 9:45:01 p. m.,26/1/25 9:46:54 p. m.,EntryAnticipado_Long_01,SL_Long_01,$-3740,$68100,$190,$000,$000,$000,$000,$3600,$600,$4340,2,
202,MNQ 03-25,Playback101,,Long,1,21528.25,21488.25,26/1/25 9:53:01 p. m.,27/1/25 12:36:43 a. m.,EntryAnticipado_Long_02,SL_Long_02,$-8190,$59910,$190,$000,$000,$000,$000,$9350,$6950,$15140,164,
203,MNQ 03-25,Playback101,,Long,1,21528.00,21488.25,26/1/25 9:53:01 p. m.,27/1/25 12:36:43 a. m.,EntryAnticipado_Long_02,SL_Long_02,$-8140,$51770,$190,$000,$000,$000,$000,$9300,$7000,$15140,164,
204,MNQ 03-25,Playback101,,Long,7,21483.25,21472.25,27/1/25 12:42:01 a. m.,27/1/25 1:11:00 a. m.,EntryAnticipado_Long_03,SL_Long_03,$-16730,$35040,$1330,$000,$000,$000,$000,$23100,$32900,$49630,29,
205,MNQ 03-25,Playback101,,Long,1,21483.00,21472.50,27/1/25 12:42:01 a. m.,27/1/25 1:11:00 a. m.,EntryAnticipado_Long_03,SL_Long_03,$-2290,$32750,$190,$000,$000,$000,$000,$3250,$4750,$7040,29,
206,MNQ 03-25,Playback101,,Long,5,21471.25,21460.00,27/1/25 1:25:01 a. m.,27/1/25 1:26:31 a. m.,EntryAnticipado_Long_04,SL_Long_04,$-12200,$20550,$950,$000,$000,$000,$000,$16250,$1000,$13200,2,
207,MNQ 03-25,Playback101,,Long,2,21471.00,21460.25,27/1/25 1:25:01 a. m.,27/1/25 1:26:31 a. m.,EntryAnticipado_Long_04,SL_Long_04,$-4680,$15870,$380,$000,$000,$000,$000,$6400,$500,$5180,2,
208,MNQ 03-25,Playback101,,Long,1,21434.25,21410.50,27/1/25 1:44:01 a. m.,27/1/25 2:10:36 a. m.,EntryAnticipado_Long_05,SL_Long_05,$-4940,$10930,$190,$000,$000,$000,$000,$5050,$1200,$6140,27,
209,MNQ 03-25,Playback101,,Long,2,21434.25,21410.75,27/1/25 1:44:01 a. m.,27/1/25 2:10:36 a. m.,EntryAnticipado_Long_05,SL_Long_05,$-9780,$1150,$380,$000,$000,$000,$000,$10100,$2400,$12180,27,
210,MNQ 03-25,Playback101,,Long,4,21422.50,21408.50,27/1/25 2:14:01 a. m.,27/1/25 2:24:03 a. m.,EntryAnticipado_Long_06,SL_Long_06,$-11960,$-10810,$760,$000,$000,$000,$000,$12400,$12400,$24360,11,
211,MNQ 03-25,Playback101,,Long,1,21422.25,21408.50,27/1/25 2:14:01 a. m.,27/1/25 2:24:03 a. m.,EntryAnticipado_Long_06,SL_Long_06,$-2940,$-13750,$190,$000,$000,$000,$000,$3050,$3150,$6090,11,
212,MNQ 03-25,Playback101,,Long,1,21422.25,21408.75,27/1/25 2:14:01 a. m.,27/1/25 2:24:03 a. m.,EntryAnticipado_Long_06,SL_Long_06,$-2890,$-16640,$190,$000,$000,$000,$000,$3050,$3150,$6040,11,
213,MNQ 03-25,Playback101,,Long,3,21424.00,21406.50,27/1/25 2:28:02 a. m.,27/1/25 2:30:42 a. m.,EntryAnticipado_Long_07,SL_Long_07,$-11070,$-27710,$570,$000,$000,$000,$000,$10800,$000,$11070,3,
214,MNQ 03-25,Playback101,,Long,2,21423.75,21406.75,27/1/25 2:28:02 a. m.,27/1/25 2:30:42 a. m.,EntryAnticipado_Long_07,SL_Long_07,$-7180,$-34890,$380,$000,$000,$000,$000,$7100,$100,$7280,3,
215,MNQ 03-25,Playback101,,Long,1,21386.00,21364.50,27/1/25 2:41:02 a. m.,27/1/25 2:48:30 a. m.,EntryAnticipado_Long_01,SL_Long_01,$-4490,$-39380,$190,$000,$000,$000,$000,$4900,$200,$4690,8,
216,MNQ 03-25,Playback101,,Long,1,21386.00,21364.75,27/1/25 2:41:02 a. m.,27/1/25 2:48:30 a. m.,EntryAnticipado_Long_01,SL_Long_01,$-4440,$-43820,$190,$000,$000,$000,$000,$4900,$200,$4640,8,
217,MNQ 03-25,Playback101,,Long,1,21385.75,21364.75,27/1/25 2:41:02 a. m.,27/1/25 2:48:30 a. m.,EntryAnticipado_Long_01,SL_Long_01,$-4390,$-48210,$190,$000,$000,$000,$000,$4850,$250,$4640,8,
218,MNQ 03-25,Playback101,,Long,2,21386.00,21356.25,27/1/25 2:52:01 a. m.,27/1/25 3:15:12 a. m.,EntryAnticipado_Long_02,SL_Long_02,$-12280,$-60490,$380,$000,$000,$000,$000,$13100,$10400,$22680,24,
219,MNQ 03-25,Playback101,,Long,1,21386.00,21356.50,27/1/25 2:52:01 a. m.,27/1/25 3:15:12 a. m.,EntryAnticipado_Long_02,SL_Long_02,$-6090,$-66580,$190,$000,$000,$000,$000,$6550,$5200,$11290,24,
220,MNQ 03-25,Playback101,,Long,3,21341.75,21318.25,27/1/25 3:29:01 a. m.,27/1/25 3:55:52 a. m.,EntryAnticipado_Long_03,SL_Long_03,$-14670,$-81250,$570,$000,$000,$000,$000,$17100,$8550,$23220,27,
221,MNQ 03-25,Playback101,,Long,3,21307.00,21282.75,27/1/25 4:04:01 a. m.,27/1/25 4:07:28 a. m.,EntryAnticipado_Long_04,SL_Long_04,$-15120,$-96370,$570,$000,$000,$000,$000,$17400,$3150,$18270,4,
222,MNQ 03-25,Playback101,,Long,1,21254.00,21204.25,27/1/25 4:27:01 a. m.,27/1/25 4:43:38 a. m.,EntryAnticipado_Long_01,SL_Long_01,$-10140,$-1.06510,$190,$000,$000,$000,$000,$12200,$4200,$14340,17,
223,MNQ 03-25,Playback101,,Long,1,21229.75,21192.25,27/1/25 4:47:01 a. m.,27/1/25 5:03:27 a. m.,EntryAnticipado_Long_02,SL_Long_02,$-7690,$-1.14200,$190,$000,$000,$000,$000,$7600,$4050,$11740,17,
224,MNQ 03-25,Playback101,,Long,1,21229.50,21192.25,27/1/25 4:47:01 a. m.,27/1/25 5:03:27 a. m.,EntryAnticipado_Long_02,SL_Long_02,$-7640,$-1.21840,$190,$000,$000,$000,$000,$7550,$4100,$11740,17,
225,MNQ 03-25,Playback101,,Long,1,21230.75,21191.00,27/1/25 5:06:01 a. m.,27/1/25 5:30:41 a. m.,EntryAnticipado_Long_03,SL_Long_03,$-8140,$-1.29980,$190,$000,$000,$000,$000,$8550,$7700,$15840,25,
226,MNQ 03-25,Playback101,,Long,1,21230.75,21191.25,27/1/25 5:06:01 a. m.,27/1/25 5:30:41 a. m.,EntryAnticipado_Long_03,SL_Long_03,$-8090,$-1.38070,$190,$000,$000,$000,$000,$8550,$7700,$15790,25,
227,MNQ 03-25,Playback101,,Long,3,21215.50,21185.50,27/1/25 5:34:01 a. m.,27/1/25 5:47:47 a. m.,EntryAnticipado_Long_04,SL_Long_04,$-18570,$-1.56640,$570,$000,$000,$000,$000,$18750,$15900,$34470,14,
228,MNQ 03-25,Playback101,,Long,2,21193.50,21166.25,27/1/25 5:52:01 a. m.,27/1/25 5:56:51 a. m.,EntryAnticipado_Long_01,SL_Long_01,$-11280,$-1.67920,$380,$000,$000,$000,$000,$11600,$1700,$12980,5,
229,MNQ 03-25,Playback101,,Long,1,21193.50,21166.50,27/1/25 5:52:01 a. m.,27/1/25 5:56:51 a. m.,EntryAnticipado_Long_01,SL_Long_01,$-5590,$-1.73510,$190,$000,$000,$000,$000,$5800,$850,$6440,5,
230,MNQ 03-25,Playback101,,Long,3,21129.50,21108.25,27/1/25 6:07:01 a. m.,27/1/25 6:15:07 a. m.,EntryAnticipado_Long_02,SL_Long_02,$-13320,$-1.86830,$570,$000,$000,$000,$000,$12750,$12150,$25470,9,
231,MNQ 03-25,Playback101,,Long,1,20859.50,21256.25,27/1/25 6:55:01 a. m.,27/1/25 10:32:01 a. m.,EntryAnticipado_Long_01,TP1_Long_01,$79160,$-1.07670,$190,$000,$000,$000,$000,$900,$80200,$1040,218,
232,MNQ 03-25,Playback101,,Short,1,21240.75,21341.25,27/1/25 11:20:01 a. m.,27/1/25 11:28:41 a. m.,EntryAnticipado_Short_01,SL_Short_01,$-20290,$-1.27960,$190,$000,$000,$000,$000,$21550,$250,$20540,9,
233,MNQ 03-25,Playback101,,Short,1,21314.00,21298.75,28/1/25 4:07:01 a. m.,28/1/25 4:12:38 a. m.,EntryAnticipado_Short_01,TP1_Short_01,$2860,$-1.25100,$190,$000,$000,$000,$000,$10100,$4850,$1990,6,
234,MNQ 03-25,Playback101,,Short,1,21314.00,21362.50,28/1/25 4:07:01 a. m.,28/1/25 4:48:17 a. m.,EntryAnticipado_Short_01,SL_Short_01,$-9890,$-1.34990,$190,$000,$000,$000,$000,$10100,$4850,$14740,42,
235,MNQ 03-25,Playback101,,Short,3,21380.25,21405.50,28/1/25 5:08:01 a. m.,28/1/25 6:02:10 a. m.,EntryAnticipado_Short_02,SL_Short_02,$-15720,$-1.50710,$570,$000,$000,$000,$000,$15900,$21000,$36720,55,
236,MNQ 03-25,Playback101,,Short,3,21403.75,21418.25,28/1/25 6:14:01 a. m.,28/1/25 6:20:36 a. m.,EntryAnticipado_Short_03,SL_Short_03,$-9270,$-1.59980,$570,$000,$000,$000,$000,$9750,$1650,$10920,7,
237,MNQ 03-25,Playback101,,Short,2,21403.75,21418.00,28/1/25 6:14:01 a. m.,28/1/25 6:20:36 a. m.,EntryAnticipado_Short_03,SL_Short_03,$-6080,$-1.66060,$380,$000,$000,$000,$000,$6500,$1100,$7180,7,
238,MNQ 03-25,Playback101,,Short,1,21404.00,21418.00,28/1/25 6:14:01 a. m.,28/1/25 6:20:36 a. m.,EntryAnticipado_Short_03,SL_Short_03,$-2990,$-1.69050,$190,$000,$000,$000,$000,$3200,$600,$3590,7,
239,MNQ 03-25,Playback101,,Short,1,21408.75,21332.50,28/1/25 6:25:01 a. m.,28/1/25 7:35:43 a. m.,EntryAnticipado_Short_01,TP1_Short_01,$15060,$-1.53990,$190,$000,$000,$000,$000,$2600,$15400,$340,71,
240,MNQ 03-25,Playback101,,Short,2,21409.00,21332.50,28/1/25 6:25:01 a. m.,28/1/25 7:35:43 a. m.,EntryAnticipado_Short_01,TP1_Short_01,$30220,$-1.23770,$380,$000,$000,$000,$000,$6400,$99300,$69080,71,
241,MNQ 03-25,Playback101,,Short,2,21409.00,21423.50,28/1/25 6:25:01 a. m.,28/1/25 11:23:32 a. m.,EntryAnticipado_Short_01,SL_Short_01,$-6180,$-1.29950,$380,$000,$000,$000,$000,$6400,$99300,$1.05480,299,
242,MNQ 03-25,Playback101,,Short,1,21438.25,21388.25,28/1/25 11:34:01 a. m.,28/1/25 12:42:28 p. m.,EntryAnticipado_Short_01,TP1_Short_01,$9810,$-1.20140,$190,$000,$000,$000,$000,$9350,$10200,$390,69,
243,MNQ 03-25,Playback101,,Short,1,21438.25,21481.50,28/1/25 11:34:01 a. m.,28/1/25 1:00:46 p. m.,EntryAnticipado_Short_01,SL_Short_01,$-8840,$-1.28980,$190,$000,$000,$000,$000,$9350,$10200,$19040,87,
