TradeId,Instrument,EntryTime,EntryPrice,ExitTime,ExitPrice,Direction,Profit,MAE,MFE,DurationMin,SetupType
1.1,MNQ 03-26,2025-11-17 04:18:00,25592.75,2025-11-17 04:21:00,25595,Short,-4.5,7.5,14,3.00,RelativeVWAP
1.2,MNQ 03-26,2025-11-17 04:18:00,25592.75,2025-11-17 04:21:00,25595,Short,-4.5,7.5,14,3.00,RelativeVWAP
2.1,MNQ 03-26,2025-11-17 10:04:00,25300,2025-11-17 10:28:00,25263.25,Long,-73.5,79.5,30.5,24.00,RelativeVWAP
2.2,MNQ 03-26,2025-11-17 10:04:00,25300,2025-11-17 10:28:00,25263.25,Long,-73.5,79.5,30.5,24.00,RelativeVWAP
3.1,MNQ 03-26,2025-11-17 10:31:00,25208.5,2025-11-17 12:17:00,25208.5,Long,0,16,599,106.00,RelativeVWAP
3.2,MNQ 03-26,2025-11-17 10:31:00,25208.5,2025-11-17 12:17:00,25208.5,Long,0,16,599,106.00,RelativeVWAP
4.1,MNQ 03-26,2025-11-18 00:15:00,24969.5,2025-11-18 00:16:00,24969.25,Long,-0.5,7.5,16.5,1.00,RelativeVWAP
4.2,MNQ 03-26,2025-11-18 00:15:00,24969.5,2025-11-18 00:16:00,24969.25,Long,-0.5,7.5,16.5,1.00,RelativeVWAP
5.1,MNQ 03-26,2025-11-18 10:56:00,24796,2025-11-18 10:57:00,24795.75,Long,-0.5,8,56,1.00,RelativeVWAP
5.2,MNQ 03-26,2025-11-18 10:56:00,24796,2025-11-18 10:57:00,24795.75,Long,-0.5,8,56,1.00,RelativeVWAP
6.1,MNQ 03-26,2025-11-19 05:51:00,24914.75,2025-11-19 05:52:00,24915.5,Short,-1.5,2.5,10.5,1.00,RelativeVWAP
6.2,MNQ 03-26,2025-11-19 05:51:00,24914.75,2025-11-19 05:52:00,24915.5,Short,-1.5,2.5,10.5,1.00,RelativeVWAP
7.1,MNQ 03-26,2025-11-19 10:45:00,25011.75,2025-11-19 10:46:00,25012,Short,-0.5,13.5,70.5,1.00,RelativeVWAP
7.2,MNQ 03-26,2025-11-19 10:45:00,25011.75,2025-11-19 10:46:00,25012,Short,-0.5,13.5,70.5,1.00,RelativeVWAP
8.1,MNQ 03-26,2025-11-19 10:59:00,25133.25,2025-11-19 11:00:00,25133.5,Short,-0.5,43,15,1.00,RelativeVWAP
8.2,MNQ 03-26,2025-11-19 10:59:00,25133.25,2025-11-19 11:00:00,25133.5,Short,-0.5,43,15,1.00,RelativeVWAP
9.1,MNQ 03-26,2025-11-19 11:17:00,25238.25,2025-11-19 11:18:00,25238.5,Short,-0.5,6,42.5,1.00,RelativeVWAP
9.2,MNQ 03-26,2025-11-19 11:17:00,25238.25,2025-11-19 11:18:00,25238.5,Short,-0.5,6,42.5,1.00,RelativeVWAP
10.1,MNQ 03-26,2025-11-19 16:50:00,24955.75,2025-11-19 16:51:00,24957.4198332483,Long,3.33966649664217,45,70,1.00,RelativeVWAP
10.2,MNQ 03-26,2025-11-19 16:50:00,24955.75,2025-11-19 16:51:00,24984.75,Long,58,45,70,1.00,RelativeVWAP
11.1,MNQ 03-26,2025-11-19 19:10:00,25314.5,2025-11-19 19:12:00,25314.75,Short,-0.5,21,30.5,2.00,RelativeVWAP
11.2,MNQ 03-26,2025-11-19 19:10:00,25314.5,2025-11-19 19:12:00,25314.75,Short,-0.5,21,30.5,2.00,RelativeVWAP
12.1,MNQ 03-26,2025-11-20 09:38:00,25457.5,2025-11-20 09:50:00,25497.5,Short,-80,80.5,72.5,12.00,RelativeVWAP
12.2,MNQ 03-26,2025-11-20 09:38:00,25457.5,2025-11-20 09:50:00,25497.5,Short,-80,80.5,72.5,12.00,RelativeVWAP
13.1,MNQ 03-26,2025-11-20 10:02:00,25494,2025-11-20 10:49:00,25518.5,Short,-49,54.5,191.5,47.00,RelativeVWAP
13.2,MNQ 03-26,2025-11-20 10:02:00,25494,2025-11-20 10:49:00,25518.5,Short,-49,54.5,191.5,47.00,RelativeVWAP
14.1,MNQ 03-26,2025-11-20 10:57:00,25546.75,2025-11-20 11:01:00,25547,Short,-0.5,13.5,87.5,4.00,RelativeVWAP
14.2,MNQ 03-26,2025-11-20 10:57:00,25546.75,2025-11-20 11:01:00,25547,Short,-0.5,13.5,87.5,4.00,RelativeVWAP
15.1,MNQ 03-26,2025-11-20 12:23:00,25145.75,2025-11-20 12:26:00,25145.5,Long,-0.5,17.5,101.5,3.00,RelativeVWAP
15.2,MNQ 03-26,2025-11-20 12:23:00,25145.75,2025-11-20 12:26:00,25145.5,Long,-0.5,17.5,101.5,3.00,RelativeVWAP
16.1,MNQ 03-26,2025-11-20 13:11:00,24744,2025-11-20 13:12:00,24721.75,Long,-44.5,86,63.5,1.00,RelativeVWAP
16.2,MNQ 03-26,2025-11-20 13:11:00,24744,2025-11-20 13:12:00,24721.75,Long,-44.5,86,63.5,1.00,RelativeVWAP
17.1,MNQ 03-26,2025-11-20 13:17:00,24639.25,2025-11-20 13:21:00,24639,Long,-0.5,65,117.5,4.00,RelativeVWAP
17.2,MNQ 03-26,2025-11-20 13:17:00,24639.25,2025-11-20 13:21:00,24639,Long,-0.5,65,117.5,4.00,RelativeVWAP
18.1,MNQ 03-26,2025-11-20 13:25:00,24676.5,2025-11-20 13:36:00,24606.5,Long,-140,186.5,155,11.00,RelativeVWAP
18.2,MNQ 03-26,2025-11-20 13:25:00,24676.5,2025-11-20 13:36:00,24606.5,Long,-140,186.5,155,11.00,RelativeVWAP
19.1,MNQ 03-26,2025-11-20 17:10:00,24366.75,2025-11-20 19:03:00,24322.75,Long,-88,117.5,35.5,113.00,RelativeVWAP
19.2,MNQ 03-26,2025-11-20 17:10:00,24366.75,2025-11-20 19:03:00,24322.75,Long,-88,117.5,35.5,113.00,RelativeVWAP
20.1,MNQ 03-26,2025-11-21 06:03:00,24225.5,2025-11-21 06:04:00,24225.25,Long,-0.5,48,14.5,1.00,RelativeVWAP
20.2,MNQ 03-26,2025-11-21 06:03:00,24225.5,2025-11-21 06:04:00,24225.25,Long,-0.5,48,14.5,1.00,RelativeVWAP
21.1,MNQ 03-26,2025-11-21 08:55:00,24515,2025-11-21 09:18:00,24515.25,Short,-0.5,3.5,235.5,23.00,RelativeVWAP
21.2,MNQ 03-26,2025-11-21 08:55:00,24515,2025-11-21 09:18:00,24515.25,Short,-0.5,3.5,235.5,23.00,RelativeVWAP
22.1,MNQ 03-26,2025-11-21 11:01:00,24482.25,2025-11-21 12:38:00,24482.25,Short,0,7,603.5,97.00,RelativeVWAP
22.2,MNQ 03-26,2025-11-21 11:01:00,24482.25,2025-11-21 12:38:00,24482.25,Short,0,7,603.5,97.00,RelativeVWAP
23.1,MNQ 03-26,2025-11-24 04:27:00,24804.25,2025-11-24 04:28:00,24804.5,Short,-0.5,9,10.5,1.00,RelativeVWAP
23.2,MNQ 03-26,2025-11-24 04:27:00,24804.25,2025-11-24 04:28:00,24804.5,Short,-0.5,9,10.5,1.00,RelativeVWAP
24.1,MNQ 03-26,2025-11-24 05:27:00,24627.75,2025-11-24 05:28:00,24627.5,Long,-0.5,15,30.5,1.00,RelativeVWAP
24.2,MNQ 03-26,2025-11-24 05:27:00,24627.75,2025-11-24 05:28:00,24627.5,Long,-0.5,15,30.5,1.00,RelativeVWAP
25.1,MNQ 03-26,2025-11-24 10:34:00,24914.25,2025-11-24 10:35:00,24914.5,Short,-0.5,47.5,25,1.00,RelativeVWAP
25.2,MNQ 03-26,2025-11-24 10:34:00,24914.25,2025-11-24 10:35:00,24914.5,Short,-0.5,47.5,25,1.00,RelativeVWAP
26.1,MNQ 03-26,2025-11-25 04:53:00,25125,2025-11-25 04:54:00,25124.75,Long,-0.5,13.5,4,1.00,RelativeVWAP
26.2,MNQ 03-26,2025-11-25 04:53:00,25125,2025-11-25 04:54:00,25124.75,Long,-0.5,13.5,4,1.00,RelativeVWAP
27.1,MNQ 03-26,2025-11-25 10:38:00,25089,2025-11-25 10:41:00,25070.5,Long,-37,86.5,46.5,3.00,RelativeVWAP
27.2,MNQ 03-26,2025-11-25 10:38:00,25089,2025-11-25 10:41:00,25070.5,Long,-37,86.5,46.5,3.00,RelativeVWAP
28.1,MNQ 03-26,2025-11-25 13:25:00,25266.5,2025-11-25 13:26:00,25266.75,Short,-0.5,8,14.5,1.00,RelativeVWAP
28.2,MNQ 03-26,2025-11-25 13:25:00,25266.5,2025-11-25 13:26:00,25266.75,Short,-0.5,8,14.5,1.00,RelativeVWAP
29.1,MNQ 03-26,2025-11-25 21:15:00,25397.75,2025-11-25 21:16:00,25398,Short,-0.5,1,8.5,1.00,RelativeVWAP
29.2,MNQ 03-26,2025-11-25 21:15:00,25397.75,2025-11-25 21:16:00,25398,Short,-0.5,1,8.5,1.00,RelativeVWAP
30.1,MNQ 03-26,2025-11-26 10:33:00,25522.25,2025-11-26 10:34:00,25522.5,Short,-0.5,4,47,1.00,RelativeVWAP
30.2,MNQ 03-26,2025-11-26 10:33:00,25522.25,2025-11-26 10:34:00,25522.5,Short,-0.5,4,47,1.00,RelativeVWAP
31.1,MNQ 03-26,2025-11-26 12:21:00,25574.75,2025-11-26 12:22:00,25575,Short,-0.5,11.5,6.5,1.00,RelativeVWAP
31.2,MNQ 03-26,2025-11-26 12:21:00,25574.75,2025-11-26 12:22:00,25575,Short,-0.5,11.5,6.5,1.00,RelativeVWAP
32.1,MNQ 03-26,2025-11-26 12:44:00,25628.75,2025-11-28 09:31:00,25629,Short,-0.5,89,188.5,2687.00,RelativeVWAP
32.2,MNQ 03-26,2025-11-26 12:44:00,25628.75,2025-11-28 09:31:00,25629,Short,-0.5,89,188.5,2687.00,RelativeVWAP
33.1,MNQ 03-26,2025-11-28 09:36:00,25636.25,2025-11-28 10:38:00,25673.5,Short,-74.5,77,78,62.00,RelativeVWAP
33.2,MNQ 03-26,2025-11-28 09:36:00,25636.25,2025-11-28 10:38:00,25673.5,Short,-74.5,77,78,62.00,RelativeVWAP
34.1,MNQ 03-26,2025-11-28 10:41:00,25601.75,2025-11-28 11:06:00,25601.75,Long,0,38,101,25.00,RelativeVWAP
34.2,MNQ 03-26,2025-11-28 10:41:00,25601.75,2025-11-28 11:06:00,25601.75,Long,0,38,101,25.00,RelativeVWAP
35.1,MNQ 03-26,2025-11-28 11:08:00,25634.25,2025-11-28 11:15:00,25634.25,Short,0,13.5,42,7.00,RelativeVWAP
35.2,MNQ 03-26,2025-11-28 11:08:00,25634.25,2025-11-28 11:15:00,25634.25,Short,0,13.5,42,7.00,RelativeVWAP
36.1,MNQ 03-26,2025-11-30 19:08:00,25750.5,2025-11-30 19:10:00,25750.5,Short,0,5.5,15,2.00,RelativeVWAP
36.2,MNQ 03-26,2025-11-30 19:08:00,25750.5,2025-11-30 19:10:00,25750.5,Short,0,5.5,15,2.00,RelativeVWAP
37.1,MNQ 03-26,2025-11-30 20:54:00,25564.75,2025-11-30 20:57:00,25564.5,Long,-0.5,12.5,37,3.00,RelativeVWAP
37.2,MNQ 03-26,2025-11-30 20:54:00,25564.75,2025-11-30 20:57:00,25564.5,Long,-0.5,12.5,37,3.00,RelativeVWAP
38.1,MNQ 03-26,2025-11-30 21:04:00,25564.25,2025-11-30 21:11:00,25544.75,Long,-39,90.5,27.5,7.00,RelativeVWAP
38.2,MNQ 03-26,2025-11-30 21:04:00,25564.25,2025-11-30 21:11:00,25544.75,Long,-39,90.5,27.5,7.00,RelativeVWAP
39.1,MNQ 03-26,2025-11-30 21:13:00,25541.5,2025-11-30 23:11:00,25518.75,Long,-45.5,60.5,112.5,118.00,RelativeVWAP
39.2,MNQ 03-26,2025-11-30 21:13:00,25541.5,2025-11-30 23:11:00,25518.75,Long,-45.5,60.5,112.5,118.00,RelativeVWAP
40.1,MNQ 03-26,2025-12-01 11:35:00,25533.25,2025-12-01 11:40:00,25561.7023950714,Long,56.9047901428348,27.5,133,5.00,RelativeVWAP
40.2,MNQ 03-26,2025-12-01 11:35:00,25533.25,2025-12-01 11:40:00,25596.25,Long,126,27.5,133,5.00,RelativeVWAP
41.1,MNQ 03-26,2025-12-02 04:23:00,25600.5,2025-12-02 05:26:00,25633.8723380488,Long,66.7446760976163,0,206,63.00,RelativeVWAP
41.2,MNQ 03-26,2025-12-02 04:23:00,25600.5,2025-12-02 05:26:00,25699,Long,197,0,206,63.00,RelativeVWAP
42.1,MNQ 03-26,2025-12-02 05:45:00,25688.75,2025-12-02 06:08:00,25705,Short,-32.5,36,24.5,23.00,RelativeVWAP
42.2,MNQ 03-26,2025-12-02 05:45:00,25688.75,2025-12-02 06:08:00,25705,Short,-32.5,36,24.5,23.00,RelativeVWAP
43.1,MNQ 03-26,2025-12-02 07:01:00,25747.5,2025-12-02 07:30:00,25753.25,Short,-11.5,22,32,29.00,RelativeVWAP
43.2,MNQ 03-26,2025-12-02 07:01:00,25747.5,2025-12-02 07:30:00,25753.25,Short,-11.5,22,32,29.00,RelativeVWAP
44.1,MNQ 03-26,2025-12-02 10:37:00,25844.25,2025-12-02 10:38:00,25844.5,Short,-0.5,24,29,1.00,RelativeVWAP
44.2,MNQ 03-26,2025-12-02 10:37:00,25844.25,2025-12-02 10:38:00,25844.5,Short,-0.5,24,29,1.00,RelativeVWAP
45.1,MNQ 03-26,2025-12-02 22:49:00,25909.5,2025-12-02 23:36:00,25927.5,Short,-36,39.5,27.5,47.00,RelativeVWAP
45.2,MNQ 03-26,2025-12-02 22:49:00,25909.5,2025-12-02 23:36:00,25927.5,Short,-36,39.5,27.5,47.00,RelativeVWAP
46.1,MNQ 03-26,2025-12-03 10:04:00,25798.25,2025-12-03 10:05:00,25798,Long,-0.5,65,26,1.00,RelativeVWAP
46.2,MNQ 03-26,2025-12-03 10:04:00,25798.25,2025-12-03 10:05:00,25798,Long,-0.5,65,26,1.00,RelativeVWAP
47.1,MNQ 03-26,2025-12-03 16:16:00,25937.25,2025-12-03 16:17:00,25937.5,Short,-0.5,3.5,8.5,1.00,RelativeVWAP
47.2,MNQ 03-26,2025-12-03 16:16:00,25937.25,2025-12-03 16:17:00,25937.5,Short,-0.5,3.5,8.5,1.00,RelativeVWAP
48.1,MNQ 03-26,2025-12-04 04:31:00,25864.25,2025-12-04 05:40:00,25895.5706071702,Long,62.6412143404232,0,137.5,69.00,RelativeVWAP
48.2,MNQ 03-26,2025-12-04 04:31:00,25864.25,2025-12-04 05:40:00,25923,Long,117.5,0,137.5,69.00,RelativeVWAP
49.1,MNQ 03-26,2025-12-04 05:42:00,25946.75,2025-12-04 10:09:00,25946.75,Short,0,31,150,267.00,RelativeVWAP
49.2,MNQ 03-26,2025-12-04 05:42:00,25946.75,2025-12-04 10:09:00,25946.75,Short,0,31,150,267.00,RelativeVWAP
50.1,MNQ 03-26,2025-12-04 11:11:00,25808.5,2025-12-04 11:26:00,25793,Long,-31,70.5,84,15.00,RelativeVWAP
50.2,MNQ 03-26,2025-12-04 11:11:00,25808.5,2025-12-04 11:26:00,25793,Long,-31,70.5,84,15.00,RelativeVWAP
51.1,MNQ 03-26,2025-12-05 00:23:00,25964.75,2025-12-05 01:02:00,25970.5,Short,-11.5,14.5,27.5,39.00,RelativeVWAP
51.2,MNQ 03-26,2025-12-05 00:23:00,25964.75,2025-12-05 01:02:00,25970.5,Short,-11.5,14.5,27.5,39.00,RelativeVWAP
52.1,MNQ 03-26,2025-12-05 04:11:00,25992.5,2025-12-05 04:21:00,25998.25,Short,-11.5,15.5,17.5,10.00,RelativeVWAP
52.2,MNQ 03-26,2025-12-05 04:11:00,25992.5,2025-12-05 04:21:00,25998.25,Short,-11.5,15.5,17.5,10.00,RelativeVWAP
53.1,MNQ 03-26,2025-12-05 09:46:00,25850.5,2025-12-05 09:47:00,25850.25,Long,-0.5,10,8.5,1.00,RelativeVWAP
53.2,MNQ 03-26,2025-12-05 09:46:00,25850.5,2025-12-05 09:47:00,25850.25,Long,-0.5,10,8.5,1.00,RelativeVWAP
54.1,MNQ 03-26,2025-12-05 10:38:00,26031,2025-12-05 10:54:00,26031,Short,0,30.5,234.5,16.00,RelativeVWAP
54.2,MNQ 03-26,2025-12-05 10:38:00,26031,2025-12-05 10:54:00,26031,Short,0,30.5,234.5,16.00,RelativeVWAP
55.1,MNQ 03-26,2025-12-08 09:45:00,26059,2025-12-08 10:31:00,26059,Short,0,52.5,55,46.00,RelativeVWAP
55.2,MNQ 03-26,2025-12-08 09:45:00,26059,2025-12-08 10:31:00,26059,Short,0,52.5,55,46.00,RelativeVWAP
56.1,MNQ 03-26,2025-12-08 10:40:00,26081.5,2025-12-08 10:49:00,26048.3424853885,Short,66.3150292230494,0,180,9.00,RelativeVWAP
56.2,MNQ 03-26,2025-12-08 10:40:00,26081.5,2025-12-08 10:49:00,26015.25,Short,132.5,0,180,9.00,RelativeVWAP
57.1,MNQ 03-26,2025-12-08 11:26:00,25932,2025-12-08 11:27:00,25931.75,Long,-0.5,44,8.5,1.00,RelativeVWAP
57.2,MNQ 03-26,2025-12-08 11:26:00,25932,2025-12-08 11:27:00,25931.75,Long,-0.5,44,8.5,1.00,RelativeVWAP
58.1,MNQ 03-26,2025-12-08 12:00:00,25913,2025-12-08 12:01:00,25903,Long,-20,29.5,6.5,1.00,RelativeVWAP
58.2,MNQ 03-26,2025-12-08 12:00:00,25913,2025-12-08 12:01:00,25903,Long,-20,29.5,6.5,1.00,RelativeVWAP
59.1,MNQ 03-26,2025-12-08 15:03:00,25831.75,2025-12-09 10:32:00,25831.75,Long,0,23.5,302,1169.00,RelativeVWAP
59.2,MNQ 03-26,2025-12-08 15:03:00,25831.75,2025-12-09 10:32:00,25831.75,Long,0,23.5,302,1169.00,RelativeVWAP
60.1,MNQ 03-26,2025-12-09 10:41:00,25859.5,2025-12-10 10:36:00,25859.5,Long,0,51,280,1435.00,RelativeVWAP
60.2,MNQ 03-26,2025-12-09 10:41:00,25859.5,2025-12-10 10:36:00,25859.5,Long,0,51,280,1435.00,RelativeVWAP
61.1,MNQ 03-26,2025-12-10 10:36:00,25834,2025-12-10 10:37:00,25833.75,Long,-0.5,27.5,15,1.00,RelativeVWAP
61.2,MNQ 03-26,2025-12-10 10:36:00,25834,2025-12-10 10:37:00,25833.75,Long,-0.5,27.5,15,1.00,RelativeVWAP
62.1,MNQ 03-26,2025-12-10 10:44:00,25910.5,2025-12-10 11:56:00,25872.4037628639,Short,76.1924742721894,31.5,214,72.00,RelativeVWAP
62.2,MNQ 03-26,2025-12-10 10:44:00,25910.5,2025-12-10 11:56:00,25813.25,Short,194.5,31.5,214,72.00,RelativeVWAP
63.1,MNQ 03-26,2025-12-10 12:01:00,25787,2025-12-10 12:04:00,25786.75,Long,-0.5,11,41.5,3.00,RelativeVWAP
63.2,MNQ 03-26,2025-12-10 12:01:00,25787,2025-12-10 12:04:00,25786.75,Long,-0.5,11,41.5,3.00,RelativeVWAP
64.1,MNQ 03-26,2025-12-10 15:36:00,26032,2025-12-10 15:37:00,26032.25,Short,-0.5,2,131,1.00,RelativeVWAP
64.2,MNQ 03-26,2025-12-10 15:36:00,26032,2025-12-10 15:37:00,26032.25,Short,-0.5,2,131,1.00,RelativeVWAP
65.1,MNQ 03-26,2025-12-10 16:26:00,26107.75,2025-12-10 22:04:00,25950.4322454497,Short,314.635509100524,17.5,424.5,338.00,RelativeVWAP
65.2,MNQ 03-26,2025-12-10 16:26:00,26107.75,2025-12-10 22:04:00,25904.25,Short,407,17.5,424.5,338.00,RelativeVWAP
66.1,MNQ 03-26,2025-12-10 22:58:00,25792.25,2025-12-10 23:02:00,25776.25,Long,-32,39.5,26,4.00,RelativeVWAP
66.2,MNQ 03-26,2025-12-10 22:58:00,25792.25,2025-12-10 23:02:00,25776.25,Long,-32,39.5,26,4.00,RelativeVWAP
67.1,MNQ 03-26,2025-12-10 23:05:00,25705,2025-12-10 23:06:00,25704.75,Long,-0.5,1.5,50,1.00,RelativeVWAP
67.2,MNQ 03-26,2025-12-10 23:05:00,25705,2025-12-10 23:06:00,25704.75,Long,-0.5,1.5,50,1.00,RelativeVWAP
68.1,MNQ 03-26,2025-12-10 23:15:00,25677,2025-12-11 08:23:00,25855.1457436976,Long,356.29148739513,0,497,548.00,RelativeVWAP
68.2,MNQ 03-26,2025-12-10 23:15:00,25677,2025-12-11 08:23:00,25923.25,Long,492.5,0,497,548.00,RelativeVWAP
69.1,MNQ 03-26,2025-12-11 11:17:00,25786.5,2025-12-11 11:45:00,25786.5,Long,0,20.5,192,28.00,RelativeVWAP
69.2,MNQ 03-26,2025-12-11 11:17:00,25786.5,2025-12-11 11:45:00,25786.5,Long,0,20.5,192,28.00,RelativeVWAP
70.1,MNQ 03-26,2025-12-11 17:23:00,26063.5,2025-12-11 17:51:00,26094.75,Short,-62.5,63,42,28.00,RelativeVWAP
70.2,MNQ 03-26,2025-12-11 17:23:00,26063.5,2025-12-11 17:51:00,26094.75,Short,-62.5,63,42,28.00,RelativeVWAP
71.1,MNQ 03-26,2025-12-12 05:10:00,25873.5,2025-12-12 05:11:00,25873.25,Long,-0.5,8,13,1.00,RelativeVWAP
71.2,MNQ 03-26,2025-12-12 05:10:00,25873.5,2025-12-12 05:11:00,25873.25,Long,-0.5,8,13,1.00,RelativeVWAP
72.1,MNQ 03-26,2025-12-12 10:36:00,25815.75,2025-12-12 10:42:00,25815.75,Long,0,24,116,6.00,RelativeVWAP
72.2,MNQ 03-26,2025-12-12 10:36:00,25815.75,2025-12-12 10:42:00,25815.75,Long,0,24,116,6.00,RelativeVWAP
73.1,MNQ 03-26,2025-12-12 11:29:00,25577.75,2025-12-12 11:30:00,25577.5,Long,-0.5,19,26,1.00,RelativeVWAP
73.2,MNQ 03-26,2025-12-12 11:29:00,25577.75,2025-12-12 11:30:00,25577.5,Long,-0.5,19,26,1.00,RelativeVWAP
74.1,MNQ 03-26,2025-12-12 11:31:00,25548.5,2025-12-12 11:59:00,25548.25,Long,-0.5,163.5,212.5,28.00,RelativeVWAP
74.2,MNQ 03-26,2025-12-12 11:31:00,25548.5,2025-12-12 11:59:00,25548.25,Long,-0.5,163.5,212.5,28.00,RelativeVWAP
75.1,MNQ 03-26,2025-12-12 12:09:00,25450.5,2025-12-12 12:12:00,25419,Long,-63,87.5,25.5,3.00,RelativeVWAP
75.2,MNQ 03-26,2025-12-12 12:09:00,25450.5,2025-12-12 12:12:00,25419,Long,-63,87.5,25.5,3.00,RelativeVWAP
76.1,MNQ 03-26,2025-12-12 12:32:00,25428.5,2025-12-12 12:39:00,25386.75,Long,-83.5,115,21.5,7.00,RelativeVWAP
76.2,MNQ 03-26,2025-12-12 12:32:00,25428.5,2025-12-12 12:39:00,25386.75,Long,-83.5,115,21.5,7.00,RelativeVWAP
77.1,MNQ 03-26,2025-12-12 12:44:00,25393.25,2025-12-15 11:25:00,25370.75,Long,-45,126.5,553.5,4241.00,RelativeVWAP
77.2,MNQ 03-26,2025-12-12 12:44:00,25393.25,2025-12-15 11:25:00,25370.75,Long,-45,126.5,553.5,4241.00,RelativeVWAP
78.1,MNQ 03-26,2025-12-15 11:37:00,25333,2025-12-15 12:19:00,25468.6192925094,Long,271.238585018837,11.5,314,42.00,RelativeVWAP
78.2,MNQ 03-26,2025-12-15 11:37:00,25333,2025-12-15 12:19:00,25489.25,Long,312.5,11.5,314,42.00,RelativeVWAP
79.1,MNQ 03-26,2025-12-15 15:08:00,25433.75,2025-12-15 15:12:00,25397.6666969093,Short,72.1666061813885,0,76.5,4.00,RelativeVWAP
79.2,MNQ 03-26,2025-12-15 15:08:00,25433.75,2025-12-15 15:12:00,25486,Short,-104.5,0,76.5,4.00,RelativeVWAP
80.1,MNQ 03-26,2025-12-15 19:54:00,25295.5,2025-12-15 20:07:00,25284.25,Long,-22.5,27.5,43,13.00,RelativeVWAP
80.2,MNQ 03-26,2025-12-15 19:54:00,25295.5,2025-12-15 20:07:00,25284.25,Long,-22.5,27.5,43,13.00,RelativeVWAP
