ID,Instrument,EntryTime,Type,EntryPrice,ExitTime,ExitPrice,Result,PnL,Commission,NetPnL,MAE,MFE,Setup,Attempt,RiskReward
1,MCL 02-26,2025-12-29 05:11:00,Short,57.68,2025-12-29 05:23:00,57.73,SL_Short_01,-95.00,29.26,-124.26,-95.00,76.00,Europe High,1,-1.00
2,MCL 02-26,2025-12-29 05:29:00,Short,57.77,2025-12-29 05:29:00,57.79,SL_Short_02,-86.00,66.22,-152.22,-86.00,0.00,Europe High,2,-1.00
3,MCL 02-26,2025-12-29 06:07:00,Short,57.97,2025-12-29 08:43:00,58.1,SL_Short_03,-91.00,10.78,-101.78,-91.00,182.00,Europe High,3,-1.00
4,MCL 02-26,2025-12-29 09:27:00,Short,58.17528,2025-12-29 10:37:00,58.28,SL_Short_04,-94.25,13.86,-108.11,-94.25,283.75,Europe High,4,-1.00
5,MCL 02-26,2025-12-29 12:30:00,Short,58.17,2025-12-29 14:13:00,57.87,TP1_Short_05,90.00,4.62,85.38,-10.00,155.00,Europe High,5,1.20
5.2,MCL 02-26,2025-12-29 12:30:00,Short,58.17,2025-12-29 15:33:00,58.17,SL_Short_05,0.00,3.08,-3.08,-10.00,155.00,Europe High,5,0.00
6,MCL 02-26,2025-12-30 05:30:00,Short,58.3,2025-12-30 05:30:00,58.34,SL_Short_01,-80.00,30.80,-110.80,-80.00,0.00,Europe High,1,-1.00
7,MCL 02-26,2025-12-30 05:49:00,Short,58.3994225721785,2025-12-30 08:13:00,58.46,SL_Short_02,-66.64,16.94,-83.58,-66.64,263.36,Europe High,2,-1.00
8,MCL 02-26,2025-12-30 08:29:00,Short,58.3999159663866,2025-12-30 12:27:00,58.15,TP1_Short_03,124.96,7.70,117.26,-63.08,233.92,Europe High,3,1.73
8.2,MCL 02-26,2025-12-30 08:29:00,Short,58.3999159663866,2025-12-30 13:23:00,58.01,TP2_Short_03,155.97,6.16,149.81,-63.08,233.92,Europe High,3,2.16
9,MCL 02-26,2025-12-31 04:06:00,Long,57.79,2025-12-31 04:30:00,57.74,SL_Long_01,-75.00,23.10,-98.10,-75.00,60.00,Asia Low,1,-1.00
10,MCL 02-26,2025-12-31 04:54:00,Long,57.71,2025-12-31 05:35:00,57.89,TP1_Long_02,198.00,16.94,181.06,-21.00,399.00,Asia Low,2,3.14
10.2,MCL 02-26,2025-12-31 04:54:00,Long,57.71,2025-12-31 07:37:00,58.24,TP2_Long_02,530.00,15.40,514.60,-21.00,540.00,Asia Low,2,8.41
11,MCL 02-26,2025-12-31 08:11:00,Short,58.2794457831326,2025-12-31 08:55:00,58.08,TP1_Short_01,79.78,6.16,73.62,-56.44,167.56,Asia High,1,1.24
11.2,MCL 02-26,2025-12-31 08:11:00,Short,58.2794457831326,2025-12-31 09:23:00,58.2794457831326,SL_Short_01,0.00,6.16,-6.16,-56.44,167.56,Asia High,1,0.00
12,MCL 02-26,2025-12-31 09:39:00,Short,58.51,2025-12-31 09:52:00,58.55,SL_Short_01,-80.00,30.80,-110.80,-80.00,240.00,Europe High,1,-1.00
1,MCL 02-26,2025-12-22 06:40:00,Short,57.37,2025-12-22 06:41:00,57.4,SL_Short_01,-27.00,13.86,-40.86,-27.00,0.00,Europe High,1,-1.00
2,MCL 02-26,2025-12-22 06:56:00,Short,57.4299642857143,2025-12-22 07:01:00,57.49,SL_Short_02,-24.01,6.16,-30.17,-24.01,3.99,Europe High,2,-1.00
3,MCL 02-26,2025-12-22 07:09:00,Short,57.48,2025-12-22 07:10:00,57.53,SL_Short_03,-25.00,7.70,-32.70,-25.00,0.00,Europe High,3,-1.00
4,MCL 02-26,2025-12-22 07:25:00,Short,57.5899630996309,2025-12-22 07:31:00,57.64,SL_Short_04,-20.01,6.16,-26.17,-20.01,15.99,Europe High,4,-1.00
5,MCL 02-26,2025-12-22 07:51:00,Short,57.6496825396825,2025-12-22 07:53:00,57.68,SL_Short_05,-24.25,12.32,-36.57,-24.25,23.75,Europe High,5,-1.00
6,MCL 02-26,2025-12-22 08:21:00,Short,57.6896133567663,2025-12-22 09:09:00,57.78,SL_Short_06,-18.08,3.08,-21.16,-18.08,9.92,Europe High,6,-1.00
7,MCL 02-26,2025-12-22 09:25:00,Short,57.78,2025-12-22 09:27:00,57.83,SL_Short_07,-25.00,7.70,-32.70,-25.00,5.00,Europe High,7,-1.00
8,MCL 02-26,2025-12-22 09:37:00,Short,57.82,2025-12-22 09:39:00,57.86,SL_Short_08,-24.00,9.24,-33.24,-24.00,0.00,Europe High,8,-1.00
9,MCL 02-26,2025-12-22 09:44:00,Short,57.87,2025-12-22 09:45:00,57.9,SL_Short_09,-27.00,13.86,-40.86,-27.00,0.00,Europe High,9,-1.00
10,MCL 02-26,2025-12-22 09:58:00,Short,58.0598245614035,2025-12-23 06:33:00,58.15,SL_Short_10,-27.05,4.62,-31.67,-27.05,149.95,Europe High,10,-1.00
11,MCL 02-26,2025-12-23 06:48:00,Short,58.1,2025-12-23 09:01:00,58.2,SL_Short_11,-30.00,4.62,-34.62,-30.00,42.00,Europe High,11,-1.00
12,MCL 02-26,2025-12-23 09:18:00,Short,58.16,2025-12-23 09:47:00,58.21,SL_Short_12,-30.00,9.24,-39.24,-30.00,54.00,Europe High,12,-1.00
13,MCL 02-26,2025-12-23 09:54:00,Short,58.2,2025-12-23 10:21:00,58.03,TP1_Short_13,51.00,4.62,46.38,-15.00,90.00,Europe High,13,1.70
13.2,MCL 02-26,2025-12-23 09:54:00,Short,58.2,2025-12-23 13:13:00,58.2,SL_Short_13,0.00,3.08,-3.08,-15.00,98.00,Europe High,13,0.00
14,MCL 02-26,2025-12-23 14:01:00,Short,58.24,2025-12-23 14:22:00,58.3,SL_Short_14,-24.00,6.16,-30.16,-24.00,8.00,Europe High,14,-1.00
15,MCL 02-26,2025-12-23 14:38:00,Short,58.33,2025-12-23 14:49:00,58.38,SL_Short_15,-30.00,9.24,-39.24,-30.00,12.00,Europe High,15,-1.00
16,MCL 02-26,2025-12-23 15:02:00,Short,58.3499150141644,2025-12-23 15:17:00,58.41,SL_Short_16,-30.04,7.70,-37.74,-30.04,14.96,Europe High,16,-1.00
17,MCL 02-26,2025-12-23 15:46:00,Short,58.4,2025-12-23 16:13:00,58.51,SL_Short_17,-33.00,4.62,-37.62,-33.00,6.00,Europe High,17,-1.00
18,MCL 02-26,2025-12-23 17:37:00,Short,58.54,2025-12-23 17:38:00,58.56,SL_Short_18,-42.00,32.34,-74.34,-42.00,21.00,Europe High,18,-1.00
19,MCL 02-26,2025-12-23 17:46:00,Short,58.5397802197802,2025-12-23 20:05:00,58.57,SL_Short_19,-39.29,20.02,-59.31,-39.29,233.71,Europe High,19,-1.00
20,MCL 02-26,2025-12-24 04:24:00,Short,58.69,2025-12-24 04:34:00,58.73,SL_Short_01,-44.00,16.94,-60.94,-44.00,22.00,Europe High,1,-1.00
21,MCL 02-26,2025-12-24 04:50:00,Short,58.7297633136094,2025-12-24 05:04:00,58.55,TP2_Short_02,107.86,9.24,98.62,-0.28,215.72,Europe High,2,2.97
21.2,MCL 02-26,2025-12-24 04:50:00,Short,58.7297633136094,2025-12-24 05:04:00,58.55,TP1_Short_02,107.86,9.24,98.62,-0.28,215.72,Europe High,2,2.97
22,MCL 02-26,2025-12-24 12:01:00,Long,58.200140562249,2025-12-24 13:04:00,58.5,TP1_Long_01,59.97,3.08,56.89,-12.06,123.94,Asia Low,1,1.66
22.2,MCL 02-26,2025-12-24 12:01:00,Long,58.200140562249,2025-12-26 05:02:00,58.64,TP2_Long_01,87.97,3.08,84.89,-12.06,123.94,Asia Low,1,2.44
23,MCL 02-26,2025-12-26 06:40:00,Short,58.8298469387755,2025-12-26 07:00:00,58.55,TP1_Short_01,111.94,6.16,105.78,0.00,202.89,Europe High,1,3.19
23.2,MCL 02-26,2025-12-26 06:40:00,Short,58.8298469387755,2025-12-26 07:43:00,58.33,TP2_Short_01,149.95,4.62,145.33,0.00,202.89,Europe High,1,4.27
24,MCL 02-26,2025-12-26 09:54:00,Long,58.08,2025-12-26 10:01:00,57.99,SL_Long_01,-36.00,6.16,-42.16,-36.00,28.00,USA Low,1,-1.00
25,MCL 02-26,2025-12-26 10:05:00,Long,57.8001111111112,2025-12-26 10:53:00,57.76,SL_Long_02,-36.10,13.86,-49.96,-36.10,197.90,USA Low,2,-1.00
26,MCL 02-26,2025-12-26 11:02:00,Long,57.8103667481663,2025-12-26 11:20:00,57.71,SL_Long_03,-30.11,4.62,-34.73,-30.11,17.89,USA Low,3,-1.00
27,MCL 02-26,2025-12-26 11:31:00,Long,57.71,2025-12-26 11:34:00,57.64,SL_Long_04,-28.00,6.16,-34.16,-28.00,12.00,USA Low,4,-1.00
28,MCL 02-26,2025-12-26 11:51:00,Long,57.600017452007,2025-12-26 11:53:00,57.56,SL_Long_05,-32.01,12.32,-44.33,-32.01,7.99,USA Low,5,-1.00
29,MCL 02-26,2025-12-26 12:13:00,Long,57.41,2025-12-26 12:26:00,57.34,SL_Long_06,-35.00,7.70,-42.70,-35.00,45.00,USA Low,6,-1.00
30,MCL 02-26,2025-12-26 12:31:00,Long,57.34,2025-12-26 12:37:00,57.29,SL_Long_07,-35.00,10.78,-45.78,-35.00,28.00,USA Low,7,-1.00
31,MCL 02-26,2025-12-26 12:47:00,Long,57.2922459893049,2025-12-26 13:29:00,57.21,SL_Long_08,-49.35,9.24,-58.59,-49.35,34.65,USA Low,8,-1.00
32,MCL 02-26,2025-12-26 13:31:00,Long,57.1701886792453,2025-12-26 13:37:00,57.15,SL_Long_09,-48.45,36.96,-85.41,-48.45,167.55,USA Low,9,-1.00
33,MCL 02-26,2025-12-26 13:52:00,Long,57.2105177111716,2025-12-26 14:48:00,57.13,SL_Long_10,-48.31,9.24,-57.55,-48.31,59.69,USA Low,10,-1.00
34,MCL 02-26,2025-12-26 15:43:00,Long,56.73,2025-12-26 18:00:00,56.91,Exit on session close,108.00,9.24,98.76,-36.00,162.00,Asia Low,1,2.25
1,MCL 02-26,2025-12-15 04:35:00,Long,57.4000970873786,2025-12-15 05:03:00,57.55,TP1_Long_01,29.98,3.08,26.90,-20.04,63.96,Europe Low,1,1.25
1.2,MCL 02-26,2025-12-15 04:35:00,Long,57.4000970873786,2025-12-15 05:04:00,57.57,TP2_Long_01,33.98,3.08,30.90,-20.04,63.96,Europe Low,1,1.41
2,MCL 02-26,2025-12-16 01:31:00,Long,56.26,2025-12-16 01:31:00,56.24,SL_Long_01,-28.00,21.56,-49.56,-28.00,0.00,Asia Low,1,-1.00
3,MCL 02-26,2025-12-16 01:38:00,Long,56.24,2025-12-16 01:42:00,56.2,SL_Long_02,-32.00,12.32,-44.32,-32.00,0.00,Asia Low,2,-1.00
4,MCL 02-26,2025-12-16 04:19:00,Long,56.06,2025-12-16 04:22:00,56.04,SL_Long_01,-16.00,12.32,-28.32,-16.00,24.00,Europe Low,1,-1.00
5,MCL 02-26,2025-12-16 04:31:00,Long,55.98,2025-12-16 04:31:00,55.95,SL_Long_02,-24.00,12.32,-36.32,-24.00,0.00,Europe Low,2,-1.00
6,MCL 02-26,2025-12-16 05:02:00,Long,55.94,2025-12-16 05:32:00,55.81,SL_Long_03,-26.00,3.08,-29.08,-26.00,20.00,Europe Low,3,-1.00
7,MCL 02-26,2025-12-16 05:46:00,Long,55.75,2025-12-16 05:49:00,55.72,SL_Long_04,-18.00,9.24,-27.24,-18.00,12.00,Europe Low,4,-1.00
8,MCL 02-26,2025-12-16 06:06:00,Long,55.68,2025-12-16 06:08:00,55.65,SL_Long_05,-24.00,12.32,-36.32,-24.00,0.00,Europe Low,5,-1.00
9,MCL 02-26,2025-12-16 06:13:00,Long,55.63,2025-12-16 06:23:00,55.58,SL_Long_06,-30.00,9.24,-39.24,-30.00,18.00,Europe Low,6,-1.00
10,MCL 02-26,2025-12-16 07:03:00,Long,55.7181524926686,2025-12-16 09:50:00,55.56,SL_Long_07,-31.63,3.08,-34.71,-31.63,34.37,Europe Low,7,-1.00
11,MCL 02-26,2025-12-16 10:01:00,Long,55.574,2025-12-16 10:01:00,55.5,SL_Long_08,-29.60,6.16,-35.76,-29.60,0.00,Europe Low,8,-1.00
12,MCL 02-26,2025-12-16 10:15:00,Long,55.41,2025-12-16 10:16:00,55.37,SL_Long_09,-52.00,20.02,-72.02,-52.00,0.00,Europe Low,9,-1.00
13,MCL 02-26,2025-12-16 10:32:00,Long,55.4811111111111,2025-12-16 10:46:00,55.34,SL_Long_10,-42.33,4.62,-46.95,-42.33,5.67,Europe Low,10,-1.00
14,MCL 02-26,2025-12-16 10:53:00,Long,55.27,2025-12-16 11:00:00,55.21,SL_Long_11,-48.00,12.32,-60.32,-48.00,24.00,Europe Low,11,-1.00
15,MCL 02-26,2025-12-16 11:10:00,Long,55.21,2025-12-16 11:17:00,55.15,SL_Long_12,-48.00,12.32,-60.32,-48.00,8.00,Europe Low,12,-1.00
16,MCL 02-26,2025-12-16 11:36:00,Long,54.99,2025-12-16 11:42:00,54.94,SL_Long_13,-40.00,12.32,-52.32,-40.00,56.00,Europe Low,13,-1.00
17,MCL 02-26,2025-12-16 12:07:00,Long,55.0667522321429,2025-12-16 20:08:00,55.66,TP1_Long_14,118.65,3.08,115.57,-29.03,180.97,Europe Low,14,2.24
17.2,MCL 02-26,2025-12-16 12:07:00,Long,55.0667522321429,2025-12-17 05:01:00,56.3,TP2_Long_14,123.32,1.54,121.78,-29.03,180.97,Europe Low,14,2.33
18,MCL 02-26,2025-12-17 05:36:00,Short,56.2780195783133,2025-12-17 06:20:00,56.54,SL_Short_01,-52.40,3.08,-55.48,-52.40,3.60,Europe High,1,-1.00
19,MCL 02-26,2025-12-17 06:34:00,Short,56.51,2025-12-17 10:06:00,55.92,TP1_Short_02,118.00,3.08,114.92,-16.00,240.00,Europe High,2,4.21
19.2,MCL 02-26,2025-12-17 06:34:00,Short,56.51,2025-12-17 16:43:00,56.51,SL_Short_02,0.00,3.08,-3.08,-16.00,240.00,Europe High,2,0.00
20,MCL 02-26,2025-12-17 17:01:00,Short,56.57,2025-12-17 17:03:00,56.66,SL_Short_03,-27.00,4.62,-31.62,-27.00,9.00,Europe High,3,-1.00
21,MCL 02-26,2025-12-17 17:06:00,Short,56.68,2025-12-17 17:06:00,56.72,SL_Short_04,-28.00,10.78,-38.78,-28.00,0.00,Europe High,4,-1.00
22,MCL 02-26,2025-12-17 17:17:00,Short,56.7693373493977,2025-12-17 19:01:00,56.82,SL_Short_01,-30.40,9.24,-39.64,-42.40,83.60,Asia High,1,-1.00
23,MCL 02-26,2025-12-18 07:05:00,Long,55.8506280193238,2025-12-18 07:35:00,55.8,SL_Long_01,-45.57,13.86,-59.43,-45.57,143.43,Asia Low,1,-1.00
24,MCL 02-26,2025-12-18 07:42:00,Long,55.85,2025-12-18 07:48:00,55.76,SL_Long_02,-45.00,7.70,-52.70,-45.00,0.00,Asia Low,2,-1.00
25,MCL 02-26,2025-12-18 08:01:00,Long,55.77,2025-12-18 09:32:00,56.23,TP1_Long_03,184.00,6.16,177.84,-24.00,376.00,Asia Low,3,4.60
25.2,MCL 02-26,2025-12-18 08:01:00,Long,55.77,2025-12-18 21:32:00,55.77,SL_Long_03,0.00,6.16,-6.16,-24.00,376.00,Asia Low,3,0.00
26,MCL 02-26,2025-12-19 03:57:00,Long,55.72,2025-12-19 03:58:00,55.66,SL_Long_01,-48.00,12.32,-60.32,-48.00,0.00,Europe Low,1,-1.00
27,MCL 02-26,2025-12-19 04:04:00,Long,55.69,2025-12-19 04:18:00,55.85,TP1_Long_02,96.00,9.24,86.76,-22.00,187.00,Europe Low,2,2.18
27.2,MCL 02-26,2025-12-19 04:04:00,Long,55.69,2025-12-19 05:28:00,55.69,SL_Long_02,0.00,7.70,-7.70,-22.00,187.00,Europe Low,2,0.00
28,MCL 02-26,2025-12-19 06:47:00,Short,56.01,2025-12-19 06:50:00,56.06,SL_Short_01,-55.00,16.94,-71.94,-55.00,11.00,Asia High,1,-1.00
29,MCL 02-26,2025-12-19 06:59:00,Short,56.0395575221239,2025-12-19 07:16:00,56.12,SL_Short_02,-56.31,10.78,-67.09,-56.31,48.69,Asia High,2,-1.00
30,MCL 02-26,2025-12-19 07:24:00,Short,56.1799310344827,2025-12-19 07:26:00,56.23,SL_Short_03,-55.08,16.94,-72.02,-55.08,0.00,Asia High,3,-1.00
31,MCL 02-26,2025-12-19 07:43:00,Short,56.18,2025-12-19 08:30:00,56.26,SL_Short_04,-56.00,10.78,-66.78,-56.00,56.00,Asia High,4,-1.00
32,MCL 02-26,2025-12-19 08:55:00,Short,56.3399,2025-12-19 09:02:00,56.38,SL_Short_05,-40.10,15.40,-55.50,-40.10,69.90,Asia High,5,-1.00
33,MCL 02-26,2025-12-19 09:16:00,Short,56.4492616033755,2025-12-19 09:44:00,56.51,SL_Short_06,-42.52,10.78,-53.30,-42.52,69.48,Asia High,6,-1.00
34,MCL 02-26,2025-12-19 09:54:00,Short,56.52,2025-12-19 11:39:00,56.19,TP1_Short_01,165.00,7.70,157.30,-27.00,306.00,USA High,1,3.67
34.2,MCL 02-26,2025-12-19 09:54:00,Short,56.52,2025-12-19 12:34:00,56.52,SL_Short_01,0.00,6.16,-6.16,-27.00,306.00,USA High,1,0.00
35,MCL 02-26,2025-12-19 14:16:00,Short,56.64,2025-12-19 14:43:00,56.7,SL_Short_02,-84.00,21.56,-105.56,-84.00,196.00,USA High,2,-1.00
36,MCL 02-26,2025-12-19 14:57:00,Short,56.6796678966789,2025-12-19 18:00:00,56.56,Exit on session close,203.44,26.18,177.26,-34.56,458.44,USA High,3,2.38
1,MCL 02-26,2025-12-08 05:06:00,Long,59.78,2025-12-08 05:06:00,59.75,SL_Long_01,-66.00,33.88,-99.88,-66.00,0.00,Europe Low,1,-1.00
2,MCL 02-26,2025-12-08 05:16:00,Long,59.75,2025-12-08 05:17:00,59.71,SL_Long_02,-72.00,27.72,-99.72,-72.00,0.00,Europe Low,2,-1.00
3,MCL 02-26,2025-12-08 05:31:00,Long,59.5,2025-12-08 05:31:00,59.48,SL_Long_03,-146.00,112.42,-258.42,-219.00,0.00,Europe Low,3,-1.00
4,MCL 02-26,2025-12-08 05:53:00,Long,59.4802721088435,2025-12-08 06:35:00,59.36,SL_Long_04,-72.16,9.24,-81.40,-72.16,29.84,Europe Low,4,-1.00
5,MCL 02-26,2025-12-08 06:48:00,Long,59.4002409638555,2025-12-08 07:14:00,59.31,SL_Long_05,-72.19,12.32,-84.51,-72.19,55.81,Europe Low,5,-1.00
6,MCL 02-26,2025-12-08 07:20:00,Long,59.31,2025-12-08 08:33:00,59.23,SL_Long_06,-72.00,13.86,-85.86,-72.00,63.00,Europe Low,6,-1.00
7,MCL 02-26,2025-12-08 08:48:00,Long,59.23,2025-12-08 08:52:00,59.18,SL_Long_07,-70.00,21.56,-91.56,-70.00,0.00,Europe Low,7,-1.00
8,MCL 02-26,2025-12-08 09:01:00,Long,59.0800317460318,2025-12-08 10:05:00,59.04,SL_Long_08,-68.05,26.18,-94.23,-68.05,713.95,Europe Low,8,-1.00
9,MCL 02-26,2025-12-08 10:11:00,Long,59.06,2025-12-08 12:04:00,58.95,SL_Long_09,-77.00,10.78,-87.78,-77.00,210.00,Europe Low,9,-1.00
10,MCL 02-26,2025-12-08 12:14:00,Long,59.0517586912066,2025-12-08 13:46:00,58.88,SL_Long_10,-34.35,3.08,-37.43,-34.35,21.65,Europe Low,10,-1.00
11,MCL 02-26,2025-12-08 14:04:00,Long,58.9300737463126,2025-12-08 14:14:00,58.86,SL_Long_11,-42.04,9.24,-51.28,-42.04,11.96,Europe Low,11,-1.00
12,MCL 02-26,2025-12-08 14:42:00,Long,58.6,2025-12-09 00:37:00,58.54,SL_Long_12,-42.00,10.78,-52.78,-42.00,133.00,Europe Low,12,-1.00
13,MCL 02-26,2025-12-09 00:41:00,Long,58.55,2025-12-09 00:43:00,58.51,SL_Long_01,-32.00,12.32,-44.32,-32.00,8.00,Asia Low,1,-1.00
14,MCL 02-26,2025-12-09 01:21:00,Long,58.5401111111111,2025-12-09 01:36:00,58.48,SL_Long_02,-36.07,9.24,-45.31,-36.07,17.93,Asia Low,2,-1.00
15,MCL 02-26,2025-12-09 02:11:00,Long,58.490303030303,2025-12-09 02:54:00,58.61,TP1_Long_03,47.88,6.16,41.72,-32.24,103.76,Asia Low,3,1.19
15.2,MCL 02-26,2025-12-09 02:11:00,Long,58.490303030303,2025-12-09 02:54:00,58.61,TP2_Long_03,47.88,6.16,41.72,-32.24,103.76,Asia Low,3,1.19
16,MCL 02-26,2025-12-09 06:31:00,Short,58.9499337748345,2025-12-09 08:02:00,59.02,SL_Short_01,-35.03,7.70,-42.73,-35.03,74.97,Asia High,1,-1.00
17,MCL 02-26,2025-12-09 08:05:00,Short,59.01,2025-12-09 09:22:00,58.74,TP1_Short_02,108.00,6.16,101.84,-14.00,196.00,Asia High,2,3.09
17.2,MCL 02-26,2025-12-09 08:05:00,Short,59.01,2025-12-09 10:59:00,58.45,TP2_Short_02,168.00,4.62,163.38,-14.00,196.00,Asia High,2,4.80
18,MCL 02-26,2025-12-09 11:05:00,Long,58.3600378787879,2025-12-09 11:21:00,58.26,SL_Long_01,-30.01,4.62,-34.63,-30.01,44.99,USA Low,1,-1.00
19,MCL 02-26,2025-12-09 11:43:00,Long,58.0801689189189,2025-12-09 12:38:00,58.01,SL_Long_02,-28.07,6.16,-34.23,-28.07,75.93,USA Low,2,-1.00
20,MCL 02-26,2025-12-09 12:51:00,Long,58.0600000000001,2025-12-10 05:52:00,57.96,SL_Long_03,-30.00,4.62,-34.62,-30.00,93.00,USA Low,3,-1.00
21,MCL 02-26,2025-12-10 17:02:00,Short,58.8299092558984,2025-12-11 01:31:00,58.24,TP1_Short_01,117.98,3.08,114.90,-12.04,239.96,USA High,1,3.27
21.2,MCL 02-26,2025-12-10 17:02:00,Short,58.8299092558984,2025-12-11 02:56:00,57.97,TP2_Short_01,171.98,3.08,168.90,-12.04,239.96,USA High,1,4.77
22,MCL 02-26,2025-12-11 04:20:00,Long,57.85,2025-12-11 04:20:00,57.81,SL_Long_01,-40.00,15.40,-55.40,-40.00,0.00,Asia Low,1,-1.00
23,MCL 02-26,2025-12-11 04:32:00,Long,57.74,2025-12-11 04:32:00,57.68,SL_Long_02,-42.00,10.78,-52.78,-42.00,0.00,Asia Low,2,-1.00
24,MCL 02-26,2025-12-11 04:44:00,Long,57.6701960784313,2025-12-11 04:51:00,57.61,SL_Long_03,-36.12,9.24,-45.36,-36.12,47.88,Asia Low,3,-1.00
25,MCL 02-26,2025-12-11 05:01:00,Long,57.590017211704,2025-12-11 06:03:00,57.49,SL_Long_04,-40.01,6.16,-46.17,-40.01,39.99,USA Low,4,-1.00
26,MCL 02-26,2025-12-11 06:11:00,Long,57.47,2025-12-11 06:25:00,57.39,SL_Long_05,-40.00,7.70,-47.70,-40.00,10.00,USA Low,5,-1.00
27,MCL 02-26,2025-12-11 06:31:00,Long,57.39,2025-12-11 10:01:00,57.37,SL_Long_06,-46.00,35.42,-81.42,-46.00,828.00,USA Low,6,-1.00
28,MCL 02-26,2025-12-11 11:18:00,Long,57.2,2025-12-11 11:18:00,57.3,TP2_Long_07,20.00,3.08,16.92,0.00,44.00,USA Low,7,0.33
28.2,MCL 02-26,2025-12-11 11:18:00,Long,57.2,2025-12-11 12:01:00,57.05,SL_Long_07,-60.00,6.16,-66.16,-30.00,44.00,USA Low,7,-1.00
29,MCL 02-26,2025-12-12 05:37:00,Long,57.61,2025-12-12 05:37:00,57.58,SL_Long_01,-42.00,21.56,-63.56,-42.00,0.00,Asia Low,1,-1.00
30,MCL 02-26,2025-12-12 05:44:00,Long,57.570350877193,2025-12-12 05:45:00,57.53,SL_Long_02,-48.42,18.48,-66.90,-48.42,0.00,Asia Low,2,-1.00
31,MCL 02-26,2025-12-12 06:00:00,Long,57.44,2025-12-12 06:03:00,57.42,SL_Long_03,-118.00,90.86,-208.86,-118.00,354.00,Asia Low,3,-1.00
32,MCL 02-26,2025-12-12 06:31:00,Long,57.31,2025-12-12 07:37:00,57.26,SL_Long_04,-60.00,18.48,-78.48,-60.00,252.00,Asia Low,4,-1.00
33,MCL 02-26,2025-12-12 07:55:00,Long,57.3313405797101,2025-12-12 10:49:00,57.21,SL_Long_05,-48.54,6.16,-54.70,-48.54,91.46,Asia Low,5,-1.00
34,MCL 02-26,2025-12-12 11:05:00,Long,57.2822572178478,2025-12-12 11:07:00,57.17,SL_Long_06,-67.35,9.24,-76.59,-67.35,4.65,Asia Low,6,-1.00
35,MCL 02-26,2025-12-12 11:15:00,Long,57.2,2025-12-12 11:22:00,57.12,SL_Long_07,-88.00,16.94,-104.94,-88.00,99.00,Asia Low,7,-1.00
36,MCL 02-26,2025-12-12 11:55:00,Long,57.2005258467023,2025-12-12 11:59:00,57.05,SL_Long_08,-90.32,9.24,-99.56,-90.32,5.68,Asia Low,8,-1.00
37,MCL 02-26,2025-12-12 12:09:00,Long,57.1,2025-12-12 12:46:00,57.45,TP1_Long_09,210.00,9.24,200.76,-11.00,396.00,Asia Low,9,2.39
37.2,MCL 02-26,2025-12-12 12:09:00,Long,57.1,2025-12-12 18:00:00,57.39,Exit on session close,145.00,7.70,137.30,-11.00,396.00,Asia Low,9,1.65
1,MCL 02-26,2025-12-01 09:37:00,Long,58.940073800738,2025-12-01 09:37:00,58.9,SL_Long_01,-44.08,16.94,-61.02,-44.08,0.00,Europe Low,1,-1.00
2,MCL 02-26,2025-12-01 10:00:00,Long,58.8124771689497,2025-12-01 10:35:00,59.28,TP1_Long_02,93.50,3.08,90.42,-16.99,191.01,Europe Low,2,2.08
2.2,MCL 02-26,2025-12-01 10:00:00,Long,58.8124771689497,2025-12-02 09:41:00,58.8124771689497,SL_Long_02,0.00,3.08,-3.08,-16.99,191.01,Europe Low,2,0.00
3,MCL 02-26,2025-12-03 04:19:00,Short,58.8399206349207,2025-12-03 04:25:00,58.88,SL_Short_01,-36.07,13.86,-49.93,-36.07,53.93,Asia High,1,-1.00
4,MCL 02-26,2025-12-03 04:39:00,Short,58.92,2025-12-03 04:39:00,58.94,SL_Short_02,-90.00,69.30,-159.30,-90.00,0.00,Asia High,2,-1.00
5,MCL 02-26,2025-12-03 04:52:00,Short,58.96,2025-12-03 05:07:00,59,SL_Short_03,-36.00,13.86,-49.86,-36.00,63.00,Asia High,3,-1.00
6,MCL 02-26,2025-12-03 05:26:00,Short,59.24,2025-12-03 05:35:00,59.26,SL_Short_04,-36.00,27.72,-63.72,-36.00,144.00,Asia High,4,-1.00
7,MCL 02-26,2025-12-03 05:44:00,Short,59.2398707592891,2025-12-03 06:00:00,59.33,SL_Short_01,-45.06,7.70,-52.76,-45.06,69.94,USA High,1,-1.00
8,MCL 02-26,2025-12-03 06:32:00,Short,59.4095469255663,2025-12-03 09:39:00,58.98,TP1_Short_01,128.86,4.62,124.24,-0.23,219.77,Europe High,1,3.20
8.2,MCL 02-26,2025-12-03 06:32:00,Short,59.4095469255663,2025-12-03 11:59:00,59.4095469255663,SL_Short_01,0.00,3.08,-3.08,-0.23,219.77,Europe High,1,0.00
9,MCL 02-26,2025-12-03 12:08:00,Short,59.3796483180427,2025-12-03 12:39:00,59.08,TP1_Short_02,59.93,3.08,56.85,-8.14,123.86,Europe High,2,1.15
9.2,MCL 02-26,2025-12-03 12:08:00,Short,59.3796483180427,2025-12-03 15:35:00,58.71,TP2_Short_02,133.93,3.08,130.85,-8.14,135.93,Europe High,2,2.57
10,MCL 02-26,2025-12-04 09:31:00,Short,59.2599584199585,2025-12-04 09:52:00,59.35,SL_Short_01,-72.03,12.32,-84.35,-72.03,55.97,Asia High,1,-1.00
11,MCL 02-26,2025-12-04 10:48:00,Long,58.7700250000001,2025-12-04 10:53:00,58.7,SL_Long_01,-63.02,13.86,-76.88,-63.02,53.98,Asia Low,1,-1.00
12,MCL 02-26,2025-12-04 11:00:00,Long,58.7400783289817,2025-12-04 11:21:00,58.95,TP1_Long_01,104.96,7.70,97.26,-0.07,197.93,USA Low,1,1.66
12.2,MCL 02-26,2025-12-04 11:00:00,Long,58.7400783289817,2025-12-04 11:53:00,59.5,TP2_Long_01,303.97,6.16,297.81,-0.07,307.97,USA Low,1,4.82
13,MCL 02-26,2025-12-04 12:16:00,Short,59.4095740072205,2025-12-04 12:21:00,59.52,SL_Short_01,-55.21,7.70,-62.91,-55.21,0.00,USA High,1,-1.00
14,MCL 02-26,2025-12-04 12:25:00,Short,59.5,2025-12-04 12:31:00,59.57,SL_Short_01,-56.00,12.32,-68.32,-56.00,56.00,Asia High,1,-1.00
15,MCL 02-26,2025-12-04 12:40:00,Short,59.7598920510305,2025-12-04 23:04:00,59.31,TP1_Short_01,89.98,3.08,86.90,-28.04,183.96,USA High,1,1.61
15.2,MCL 02-26,2025-12-04 12:40:00,Short,59.7598920510305,2025-12-05 10:34:00,59.7598920510305,SL_Short_01,0.00,3.08,-3.08,-28.04,183.96,USA High,1,0.00
16,MCL 02-26,2025-12-05 10:41:00,Short,59.8999391171994,2025-12-05 11:04:00,59.98,SL_Short_02,-56.04,10.78,-66.82,-56.04,111.96,USA High,2,-1.00
17,MCL 02-26,2025-12-05 11:40:00,Short,60.3099603567888,2025-12-05 18:00:00,60.01,Exit on session close,269.96,13.86,256.10,0.00,503.96,USA High,3,5.00
1,MCL 02-26,2025-11-24 05:40:00,Long,57.5,2025-11-24 05:40:00,57.43,SL_Long_01,-35.00,7.70,-42.70,-35.00,0.00,Europe Low,1,-1.00
2,MCL 02-26,2025-11-24 05:44:00,Long,57.42,2025-11-24 05:48:00,57.33,SL_Long_02,-36.00,6.16,-42.16,-36.00,12.00,Europe Low,2,-1.00
3,MCL 02-26,2025-11-24 05:49:00,Long,57.3,2025-11-24 06:39:00,57.64,TP1_Long_03,646.00,29.26,616.74,-38.00,1330.00,Europe Low,3,8.50
3.2,MCL 02-26,2025-11-24 05:49:00,Long,57.3,2025-11-24 07:26:00,57.73,TP2_Long_03,817.00,29.26,787.74,-38.00,1330.00,Europe Low,3,10.75
4,MCL 02-26,2025-11-24 12:19:00,Short,58.2299999999999,2025-11-24 12:29:00,58.3,SL_Short_01,-63.00,13.86,-76.86,-63.00,45.00,USA High,1,-1.00
5,MCL 02-26,2025-11-24 12:47:00,Short,58.38,2025-11-24 12:47:00,58.4,SL_Short_02,-132.00,101.64,-233.64,-132.00,0.00,USA High,2,-1.00
6,MCL 02-26,2025-11-24 12:51:00,Short,58.34,2025-11-24 13:03:00,58.43,SL_Short_03,-72.00,12.32,-84.32,-72.00,24.00,USA High,3,-1.00
7,MCL 02-26,2025-11-24 13:11:00,Short,58.35,2025-11-24 13:56:00,58.46,SL_Short_04,-66.00,9.24,-75.24,-66.00,42.00,USA High,4,-1.00
8,MCL 02-26,2025-11-24 14:22:00,Short,58.48,2025-11-24 14:22:00,58.5,SL_Short_05,-70.00,53.90,-123.90,-70.00,0.00,USA High,5,-1.00
9,MCL 02-26,2025-11-24 14:27:00,Short,58.5,2025-11-24 14:28:00,58.54,SL_Short_06,-56.00,21.56,-77.56,-56.00,0.00,USA High,6,-1.00
10,MCL 02-26,2025-11-24 15:04:00,Short,58.7398765432099,2025-11-24 15:36:00,58.78,SL_Short_07,-60.19,23.10,-83.29,-60.19,179.81,USA High,7,-1.00
11,MCL 02-26,2025-11-24 15:48:00,Short,58.7499310344827,2025-11-24 16:53:00,58.83,SL_Short_08,-64.06,12.32,-76.38,-64.06,71.94,USA High,8,-1.00
12,MCL 02-26,2025-11-24 17:25:00,Short,58.83,2025-11-25 08:43:00,58.11,TP1_Short_09,216.00,4.62,211.38,-10.00,365.00,USA High,9,3.60
12.2,MCL 02-26,2025-11-24 17:25:00,Short,58.83,2025-11-25 08:45:00,57.47,TP2_Short_09,272.00,3.08,268.92,-10.00,365.00,USA High,9,4.53
13,MCL 02-26,2025-11-25 08:56:00,Long,57.4722502456602,2025-11-25 10:49:00,57.19,SL_Long_01,-56.45,3.08,-59.53,-56.45,117.55,Europe Low,1,-1.00
14,MCL 02-26,2025-11-25 11:12:00,Long,57.1000242718447,2025-11-25 11:57:00,57,SL_Long_02,-40.01,6.16,-46.17,-40.01,47.99,Europe Low,2,-1.00
15.1,MCL 02-26,2025-11-25 12:10:00,Long,57.2127921279213,2025-11-25 14:27:00,57.82,TP1_Long_03,60.72,1.54,59.18,-20.56,123.44,Europe Low,3,1.20
15.2,MCL 02-26,2025-11-25 12:10:00,Long,57.2127921279213,2025-11-27 06:00:00,58.66,TP2_Long_03,144.72,1.54,143.18,-20.56,145.72,Europe Low,3,2.86
16,MCL 02-26,2025-11-27 06:32:00,Short,58.5985991379311,2025-11-27 06:44:00,58.68,SL_Short_01,-40.70,7.70,-48.40,-40.70,19.30,Europe High,1,-1.00
17,MCL 02-26,2025-11-27 06:57:00,Short,58.6697080291971,2025-11-27 06:58:00,58.71,SL_Short_02,-36.26,13.86,-50.12,-36.26,0.00,Europe High,2,-1.00
18,MCL 02-26,2025-11-27 07:06:00,Short,58.71,2025-11-27 07:10:00,58.75,SL_Short_03,-52.00,20.02,-72.02,-52.00,13.00,Europe High,3,-1.00
19,MCL 02-26,2025-11-27 07:28:00,Short,58.7397260273972,2025-11-27 07:37:00,58.77,SL_Short_04,-39.36,20.02,-59.38,-39.36,25.64,Europe High,4,-1.00
20,MCL 02-26,2025-11-27 08:07:00,Short,58.7293558282207,2025-11-27 09:31:00,58.53,TP1_Short_05,39.87,3.08,36.79,-36.26,83.74,Europe High,5,0.90
20.2,MCL 02-26,2025-11-27 08:07:00,Short,58.7293558282207,2025-11-27 10:05:00,58.7293558282207,SL_Short_05,0.00,3.08,-3.08,-36.26,83.74,Europe High,5,0.00
21,MCL 02-26,2025-11-27 13:44:00,Short,58.7788870431895,2025-11-27 13:58:00,58.89,SL_Short_01,-100.00,13.86,-113.86,-100.00,26.00,Asia High,1,-1.00
22,MCL 02-26,2025-11-27 14:22:00,Short,58.99,2025-11-28 09:31:00,58.63,TP1_Short_02,504.00,21.56,482.44,-27.00,999.00,USA High,2,4.67
22.2,MCL 02-26,2025-11-27 14:22:00,Short,58.99,2025-11-28 09:31:00,58.62,TP2_Short_02,481.00,20.02,460.98,-27.00,999.00,USA High,2,4.45
23,MCL 02-26,2025-11-28 10:51:00,Short,59.13,2025-11-28 11:02:00,59.15,SL_Short_01,-194.00,149.38,-343.38,-194.00,1261.00,USA High,1,-1.00
24,MCL 02-26,2025-11-28 11:15:00,Short,59.13,2025-11-28 12:04:00,59.19,SL_Short_02,-90.00,23.10,-113.10,-90.00,285.00,USA High,2,-1.00
25,MCL 02-26,2025-11-28 12:52:00,Short,59.44,2025-11-28 13:09:00,59.09,TP1_Short_03,175.00,7.70,167.30,-9.00,324.00,USA High,3,2.78
25.2,MCL 02-26,2025-11-28 12:52:00,Short,59.44,2025-11-28 14:29:00,59.44,SL_Short_03,0.00,6.16,-6.16,-9.00,324.00,USA High,3,0.00
1,MCL 02-26,2025-11-17 04:30:00,Short,59.43,2025-11-17 04:31:00,59.47,SL_Short_01,-20.00,7.70,-27.70,-20.00,10.00,Europe High,1,-1.00
2,MCL 02-26,2025-11-18 00:33:00,Long,59.2802173913044,2025-11-18 02:19:00,59.23,SL_Long_01,-85.37,26.18,-111.55,-85.37,135.63,Europe Low,1,-1.00
3,MCL 02-26,2025-11-18 02:36:00,Long,59.21,2025-11-18 02:39:00,59.16,SL_Long_02,-80.00,24.64,-104.64,-80.00,0.00,Europe Low,2,-1.00
4,MCL 02-26,2025-11-18 03:01:00,Long,59.1803557312252,2025-11-18 03:43:00,59.36,TP1_Long_03,143.72,12.32,131.40,-48.57,303.43,Europe Low,3,1.78
4.2,MCL 02-26,2025-11-18 03:01:00,Long,59.1803557312252,2025-11-18 03:57:00,59.1803557312252,SL_Long_03,0.00,12.32,-12.32,-48.57,303.43,Europe Low,3,0.00
5,MCL 02-26,2025-11-19 08:34:00,Long,59.12,2025-11-19 08:34:00,59.07,SL_Long_01,-70.00,21.56,-91.56,-70.00,0.00,Europe Low,1,-1.00
6,MCL 02-26,2025-11-19 08:51:00,Long,59.03,2025-11-19 08:59:00,58.94,SL_Long_01,-63.00,10.78,-73.78,-63.00,0.00,Europe Low,1,-1.00
7,MCL 02-26,2025-11-19 09:11:00,Long,58.7603541315347,2025-11-19 09:13:00,58.67,SL_Long_02,-63.25,10.78,-74.03,-63.25,20.75,Europe Low,2,-1.00
8,MCL 02-26,2025-11-19 09:20:00,Long,58.6,2025-11-19 10:51:00,58.54,SL_Long_03,-66.00,16.94,-82.94,-66.00,506.00,Europe Low,3,-1.00
9,MCL 02-26,2025-11-20 13:30:00,Long,58.5700174621653,2025-11-20 19:35:00,58.44,SL_Long_01,-52.01,6.16,-58.17,-52.01,219.99,USA Low,1,-1.00
10,MCL 02-26,2025-11-20 19:42:00,Long,58.4001581027668,2025-11-20 20:00:00,58.36,SL_Long_02,-72.28,27.72,-100.00,-72.28,125.72,USA Low,2,-1.00
1,MCL 02-26,2025-11-10 10:51:00,Long,59.5015209125476,2025-11-10 11:06:00,59.3,SL_Long_01,-60.46,4.62,-65.08,-60.46,11.54,USA Low,1,-1.00
2,MCL 02-26,2025-11-10 11:27:00,Long,59.3400720576463,2025-11-10 11:56:00,59.27,SL_Long_02,-56.06,12.32,-68.38,-56.06,231.94,USA Low,2,-1.00
3,MCL 02-26,2025-11-10 12:10:00,Long,59.2800303490136,2025-11-10 12:21:00,59.22,SL_Long_03,-54.03,13.86,-67.89,-54.03,53.97,USA Low,3,-1.00
4,MCL 02-26,2025-11-10 12:26:00,Long,59.2506490384616,2025-11-10 12:35:00,59.19,SL_Long_04,-54.58,13.86,-68.44,-54.58,80.42,USA Low,4,-1.00
5,MCL 02-26,2025-11-10 12:54:00,Long,59.1900264200792,2025-11-10 13:45:00,59.61,TP1_Long_05,209.99,7.70,202.29,0.00,386.98,USA Low,5,3.89
5.2,MCL 02-26,2025-11-10 12:54:00,Long,59.1900264200792,2025-11-10 15:11:00,59.83,TP2_Long_05,255.99,6.16,249.83,0.00,386.98,USA Low,5,4.74
6,MCL 02-26,2025-11-11 05:08:00,Short,59.92,2025-11-11 05:08:00,59.94,SL_Short_01,-108.00,83.16,-191.16,-108.00,0.00,Asia High,1,-1.00
7,MCL 02-26,2025-11-11 05:43:00,Short,60.1198672566371,2025-11-11 06:05:00,60.23,SL_Short_01,-55.07,7.70,-62.77,-55.07,24.93,USA High,1,-1.00
8,MCL 02-26,2025-11-12 04:14:00,Long,60.45,2025-11-12 04:31:00,60.39,SL_Long_01,-36.00,9.24,-45.24,-36.00,30.00,Asia Low,1,-1.00
9,MCL 02-26,2025-11-12 04:50:00,Long,60.41,2025-11-12 05:00:00,60.31,SL_Long_02,-40.00,6.16,-46.16,-40.00,4.00,Asia Low,2,-1.00
10,MCL 02-26,2025-11-12 05:08:00,Long,60.33,2025-11-12 05:31:00,60.27,SL_Long_03,-42.00,10.78,-52.78,-42.00,42.00,Asia Low,3,-1.00
11,MCL 02-26,2025-11-12 05:44:00,Long,60.16,2025-11-12 05:44:00,60.14,SL_Long_04,-90.00,69.30,-159.30,-90.00,0.00,Asia Low,4,-1.00
12,MCL 02-26,2025-11-12 06:22:00,Long,60.16,2025-11-12 07:58:00,60.08,SL_Long_05,-56.00,10.78,-66.78,-56.00,182.00,Asia Low,5,-1.00
13,MCL 02-26,2025-11-12 08:21:00,Long,60.100061728395,2025-11-12 09:02:00,60.04,SL_Long_06,-48.05,12.32,-60.37,-48.05,87.95,Asia Low,6,-1.00
14,MCL 02-26,2025-11-12 09:26:00,Long,59.9200262984878,2025-11-12 09:59:00,59.77,SL_Long_07,-60.01,6.16,-66.17,-60.01,19.99,Asia Low,7,-1.00
15,MCL 02-26,2025-11-12 10:16:00,Long,59.45,2025-11-12 10:19:00,59.39,SL_Long_01,-48.00,12.32,-60.32,-48.00,8.00,Europe Low,1,-1.00
16,MCL 02-26,2025-11-12 10:38:00,Long,59.15,2025-11-12 10:44:00,59.09,SL_Long_01,-54.00,13.86,-67.86,-54.00,54.00,USA Low,1,-1.00
17,MCL 02-26,2025-11-12 10:51:00,Long,58.95,2025-11-12 10:51:00,58.9,SL_Long_02,-45.00,13.86,-58.86,-45.00,9.00,USA Low,2,-1.00
18,MCL 02-26,2025-11-12 11:07:00,Long,59.01,2025-11-12 11:32:00,58.8,SL_Long_03,-63.00,4.62,-67.62,-63.00,27.00,USA Low,3,-1.00
19,MCL 02-26,2025-11-12 12:08:00,Long,58.6,2025-11-12 12:12:00,58.56,SL_Long_04,-52.00,20.02,-72.02,-52.00,39.00,USA Low,4,-1.00
20,MCL 02-26,2025-11-12 12:24:00,Long,58.580998151571,2025-11-12 12:30:00,58.44,SL_Long_05,-56.40,6.16,-62.56,-56.40,7.60,USA Low,5,-1.00
21,MCL 02-26,2025-11-12 12:40:00,Long,58.22,2025-11-12 14:52:00,58.12,SL_Long_06,-50.00,7.70,-57.70,-50.00,130.00,USA Low,6,-1.00
22,MCL 02-26,2025-11-12 15:01:00,Long,58.0800246913581,2025-11-12 19:06:00,58.02,SL_Long_07,-42.02,10.78,-52.80,-42.02,251.98,USA Low,7,-1.00
23,MCL 02-26,2025-11-12 19:55:00,Long,57.9400763358778,2025-11-12 20:06:00,58.06,TP1_Long_08,47.97,6.16,41.81,-8.06,95.94,USA Low,8,1.00
23.2,MCL 02-26,2025-11-12 19:55:00,Long,57.9400763358778,2025-11-12 21:07:00,57.9400763358778,SL_Long_08,0.00,6.16,-6.16,-8.06,95.94,USA Low,8,0.00
24,MCL 02-26,2025-11-12 21:25:00,Long,57.9317514124293,2025-11-12 21:39:00,58.01,TP1_Long_09,23.47,4.62,18.85,-5.88,44.12,USA Low,9,0.51
24.2,MCL 02-26,2025-11-12 21:25:00,Long,57.9317514124293,2025-11-13 04:39:00,57.9317514124293,SL_Long_09,0.00,3.08,-3.08,-5.88,73.65,USA Low,9,0.00
1,MCL 02-26,2025-11-03 04:28:00,Long,60.86,2025-11-03 04:31:00,60.79,SL_Long_01,-84.00,18.48,-102.48,-84.00,12.00,Europe Low,1,-1.00
2,MCL 02-26,2025-11-03 05:32:00,Long,60.5521292217327,2025-11-03 06:36:00,60.81,TP1_Long_02,77.36,4.62,72.74,-31.28,160.72,Europe Low,2,0.91
2.2,MCL 02-26,2025-11-03 05:32:00,Long,60.5521292217327,2025-11-03 07:14:00,60.5521292217327,SL_Long_02,0.00,4.62,-4.62,-31.28,160.72,Europe Low,2,0.00
3,MCL 02-26,2025-11-03 07:33:00,Long,60.3700705882353,2025-11-03 08:47:00,60.72,TP1_Long_03,104.98,4.62,100.36,-18.04,215.96,Europe Low,3,1.94
3.2,MCL 02-26,2025-11-03 07:33:00,Long,60.3700705882353,2025-11-03 10:40:00,60.3700705882353,SL_Long_03,0.00,4.62,-4.62,-18.04,215.96,Europe Low,3,0.00
4,MCL 02-26,2025-11-04 04:32:00,Long,60.1406997742663,2025-11-04 04:37:00,60.04,SL_Long_01,-50.35,7.70,-58.05,-50.35,0.00,USA Low,1,-1.00
5,MCL 02-26,2025-11-04 05:29:00,Long,59.94,2025-11-04 06:01:00,59.77,SL_Long_02,-51.00,4.62,-55.62,-51.00,33.00,USA Low,2,-1.00
6,MCL 02-26,2025-11-04 07:01:00,Long,59.7900599455042,2025-11-04 10:19:00,60.16,TP1_Long_03,73.99,3.08,70.91,-24.02,151.98,USA Low,3,1.42
6.2,MCL 02-26,2025-11-04 07:01:00,Long,59.7900599455042,2025-11-04 10:22:00,60.18,TP2_Long_03,77.99,3.08,74.91,-24.02,151.98,USA Low,3,1.50
7,MCL 02-26,2025-11-05 04:47:00,Short,60.4198324022347,2025-11-05 05:07:00,60.47,SL_Short_01,-50.17,15.40,-65.57,-50.17,139.83,Asia High,1,-1.00
8,MCL 02-26,2025-11-05 05:19:00,Short,60.4389045936396,2025-11-05 05:31:00,60.52,SL_Short_02,-48.66,9.24,-57.90,-48.66,23.34,Asia High,2,-1.00
9,MCL 02-26,2025-11-05 06:01:00,Short,60.638928,2025-11-05 06:13:00,60.74,SL_Short_01,-50.54,7.70,-58.24,-50.54,24.46,USA High,1,-1.00
10,MCL 02-26,2025-11-05 06:24:00,Short,60.73,2025-11-05 06:34:00,60.79,SL_Short_02,-48.00,12.32,-60.32,-48.00,32.00,USA High,2,-1.00
11,MCL 02-26,2025-11-05 06:41:00,Short,60.77,2025-11-05 07:56:00,60.32,TP1_Short_01,180.00,6.16,173.84,-7.00,322.00,Asia High,1,3.67
11.2,MCL 02-26,2025-11-05 06:41:00,Short,60.77,2025-11-05 07:57:00,60.29,TP2_Short_01,144.00,4.62,139.38,-7.00,322.00,Asia High,1,2.94
12,MCL 02-26,2025-11-05 12:51:00,Long,59.68,2025-11-05 12:59:00,59.53,SL_Long_01,-75.00,7.70,-82.70,-75.00,25.00,Europe Low,1,-1.00
13,MCL 02-26,2025-11-05 13:03:00,Long,59.57,2025-11-05 13:05:00,59.45,SL_Long_02,-60.00,7.70,-67.70,-60.00,5.00,Europe Low,2,-1.00
14,MCL 02-26,2025-11-05 13:12:00,Long,59.5,2025-11-05 13:32:00,59.39,SL_Long_03,-55.00,7.70,-62.70,-55.00,55.00,Europe Low,3,-1.00
15,MCL 02-26,2025-11-05 14:02:00,Long,59.4404926866819,2025-11-05 15:10:00,59.33,SL_Long_04,-55.25,7.70,-62.95,-55.25,69.75,Europe Low,4,-1.00
16,MCL 02-26,2025-11-05 15:16:00,Long,59.3400228832953,2025-11-05 15:35:00,59.27,SL_Long_05,-56.02,12.32,-68.34,-56.02,63.98,Europe Low,5,-1.00
17,MCL 02-26,2025-11-05 15:45:00,Long,59.32,2025-11-06 04:08:00,59.24,SL_Long_06,-56.00,10.78,-66.78,-56.00,280.00,Europe Low,6,-1.00
18,MCL 02-26,2025-11-06 04:45:00,Short,59.76,2025-11-06 04:46:00,59.81,SL_Short_01,-50.00,15.40,-65.40,-50.00,10.00,Asia High,1,-1.00
19,MCL 02-26,2025-11-06 05:19:00,Short,60.0591072961372,2025-11-06 05:25:00,60.14,SL_Short_02,-64.71,12.32,-77.03,-64.71,23.29,Asia High,2,-1.00
20,MCL 02-26,2025-11-07 04:13:00,Short,59.9,2025-11-07 05:35:00,59.96,SL_Short_01,-66.00,16.94,-82.94,-66.00,319.00,Asia High,1,-1.00
21,MCL 02-26,2025-11-07 05:58:00,Short,60.03,2025-11-07 06:13:00,60.09,SL_Short_02,-54.00,13.86,-67.86,-54.00,63.00,Asia High,2,-1.00
22,MCL 02-26,2025-11-07 11:57:00,Long,59.34,2025-11-07 13:03:00,59.6,TP1_Long_01,78.00,4.62,73.38,-35.00,135.00,Asia Low,1,1.56
22.2,MCL 02-26,2025-11-07 11:57:00,Long,59.34,2025-11-07 13:21:00,59.34,SL_Long_01,0.00,3.08,-3.08,-35.00,135.00,Asia Low,1,0.00
1,MCL 02-26,2026-01-02 09:11:06,Long,56.97,2026-01-02 09:15:41,56.86,SL_Long_01,-33.00,4.62,-37.62,-33.00,3.00,Asia Low,1,-1.00
