TradeId,Instrument,EntryTime,EntryPrice,ExitTime,ExitPrice,Direction,Profit,MAE,MFE,DurationMin,SetupType
1,MGC 02-26,2025-11-19 05:46:11,4136.8,2025-11-19 05:46:16,4092.8,Long,-440,0,15.9999999999945,0.09,RelativeVWAP
2.1,MGC 02-26,2025-11-19 05:50:13,4142,2025-11-19 05:53:43,4144.5,Short,-25,36.0000000000036,25,3.49,RelativeVWAP
2.2,MGC 02-26,2025-11-19 05:50:13,4142,2025-11-19 05:53:43,4144.5,Short,-25,36.0000000000036,25,3.49,RelativeVWAP
3,MGC 02-26,2025-11-19 10:55:17,4157.7,2025-11-19 10:55:18,4114.7,Long,-430.000000000009,0,13.9999999999964,0.02,RelativeVWAP
4.1,MGC 02-26,2025-11-19 11:03:04,4165.6,2025-11-19 11:14:49,4168,Short,-23.9999999999964,26.9999999999982,72.0000000000073,11.75,RelativeVWAP
4.2,MGC 02-26,2025-11-19 11:03:04,4165.6,2025-11-19 11:14:49,4168,Short,-23.9999999999964,26.9999999999982,72.0000000000073,11.75,RelativeVWAP
5,MGC 02-26,2025-11-19 12:26:11,4114.7,2025-11-19 12:26:12,4157.7,Short,-430.000000000009,0,20,0.00,RelativeVWAP
6,MGC 02-26,2025-11-19 13:08:15,4092.8,2025-11-19 13:08:20,4136.8,Short,-440,11.9999999999982,5,0.09,RelativeVWAP
7.1,MGC 02-26,2025-11-19 13:09:01,4094.6,2025-11-19 19:47:27,4135.06666666667,Long,404.666666666667,0.999999999999091,427.999999999997,398.45,RelativeVWAP
7.2,MGC 02-26,2025-11-19 13:09:01,4094.6,2025-11-19 19:47:27,4136.7,Long,420.999999999999,0.999999999999091,427.999999999997,398.45,RelativeVWAP
8,MGC 02-26,2025-11-19 22:17:15,4092.2,2025-11-19 22:17:15,4171.1,Short,-789.000000000001,0.999999999999091,17.0000000000027,0.00,RelativeVWAP
9.1,MGC 02-26,2025-11-19 22:20:12,4081.4,2025-11-20 04:12:19,4081.4,Long,0,42.0000000000027,390.999999999999,352.12,RelativeVWAP
9.2,MGC 02-26,2025-11-19 22:20:12,4081.4,2025-11-20 04:12:19,4081.4,Long,0,42.0000000000027,390.999999999999,352.12,RelativeVWAP
10,MGC 02-26,2025-11-20 10:49:05,4133.2,2025-11-20 10:49:06,4074.1,Long,-591.000000000008,2.00000000000728,12.9999999999927,0.02,RelativeVWAP
11.1,MGC 02-26,2025-11-20 11:08:02,4123.4,2025-11-20 15:28:09,4123.4,Short,0,117.000000000007,439.999999999995,260.11,RelativeVWAP
11.2,MGC 02-26,2025-11-20 11:08:02,4123.4,2025-11-20 15:28:09,4123.4,Short,0,117.000000000007,439.999999999995,260.11,RelativeVWAP
12,MGC 02-26,2025-11-21 01:51:09,4079.3,2025-11-21 01:51:21,4143.7,Short,-644.000000000005,0,9.00000000000091,0.20,RelativeVWAP
13,MGC 02-26,2025-11-21 01:54:46,4074.1,2025-11-21 01:55:38,4133.2,Short,-591.000000000008,33.0000000000018,0,0.88,RelativeVWAP
14.1,MGC 02-26,2025-11-21 01:57:44,4083.2,2025-11-21 02:16:04,4083.2,Long,0,25.9999999999991,169.000000000005,18.34,RelativeVWAP
14.2,MGC 02-26,2025-11-21 01:57:44,4083.2,2025-11-21 02:16:04,4083.2,Long,0,25.9999999999991,169.000000000005,18.34,RelativeVWAP
15,MGC 02-26,2025-11-21 02:28:16,4071.6,2025-11-21 02:28:16,4146.6,Short,-750.000000000005,0.999999999999091,15.9999999999991,0.00,RelativeVWAP
16.1,MGC 02-26,2025-11-21 02:29:40,4065.7,2025-11-21 02:30:21,4063.1,Long,-25.9999999999991,28.9999999999964,17.0000000000027,0.68,RelativeVWAP
16.2,MGC 02-26,2025-11-21 02:29:40,4065.7,2025-11-21 02:30:21,4063.1,Long,-25.9999999999991,28.9999999999964,17.0000000000027,0.68,RelativeVWAP
17,MGC 02-26,2025-11-21 04:03:58,4057.6,2025-11-21 04:03:59,4126.1,Short,-685.000000000005,0,19.0000000000009,0.01,RelativeVWAP
18.1,MGC 02-26,2025-11-21 04:06:54,4064.6,2025-11-21 12:50:52,4092.04231242312,Long,274.423124231248,0,625.000000000005,523.95,RelativeVWAP
18.2,MGC 02-26,2025-11-21 04:06:54,4064.6,2025-11-21 12:50:52,4126,Long,614.000000000001,0,625.000000000005,523.95,RelativeVWAP
19,MGC 02-26,2025-11-21 12:50:01,4119.8,2025-11-21 12:50:01,4055.6,Long,-642.000000000003,0,18.0000000000018,0.00,RelativeVWAP
20,MGC 02-26,2025-11-21 12:50:52,4126.1,2025-11-21 12:50:55,4057.6,Long,-685.000000000005,0,12.9999999999927,0.05,RelativeVWAP
21.1,MGC 02-26,2025-11-21 13:02:37,4132.6,2025-11-24 12:34:12,4132.6,Short,0,0,603.000000000002,4291.59,RelativeVWAP
21.2,MGC 02-26,2025-11-21 13:02:37,4132.6,2025-11-24 12:34:12,4132.6,Short,0,0,603.000000000002,4291.59,RelativeVWAP
22,MGC 02-26,2025-11-21 17:08:53,4089.8,2025-11-21 17:10:02,4137.9,Short,-481.000000000004,12.9999999999973,6.00000000000364,1.16,RelativeVWAP
23,MGC 02-26,2025-11-24 08:43:22,4110.8,2025-11-24 08:45:28,4072.2,Long,-385.999999999999,0,40.9999999999945,2.10,RelativeVWAP
24.1,MGC 02-26,2025-11-24 09:52:13,4114.6,2025-11-24 10:56:31,4120.2,Short,-56.0000000000036,63.9999999999964,120,64.29,RelativeVWAP
24.2,MGC 02-26,2025-11-24 09:52:13,4114.6,2025-11-24 10:56:31,4120.2,Short,-56.0000000000036,63.9999999999964,120,64.29,RelativeVWAP
25,MGC 02-26,2025-11-24 10:56:31,4120.2,2025-11-24 11:00:00,4091.3,Long,-289.000000000005,50.0000000000091,0,3.49,RelativeVWAP
26.1,MGC 02-26,2025-11-24 13:28:35,4130.5,2025-11-24 13:53:20,4135.7,Short,-52.0000000000073,60,23.9999999999964,24.75,RelativeVWAP
26.2,MGC 02-26,2025-11-24 13:28:35,4130.5,2025-11-24 13:53:20,4135.7,Short,-52.0000000000073,60,23.9999999999964,24.75,RelativeVWAP
27,MGC 02-26,2025-11-24 14:37:45,4137.9,2025-11-24 14:38:16,4089.8,Long,-481.000000000004,0,62.9999999999927,0.52,RelativeVWAP
28,MGC 02-26,2025-11-24 14:38:16,4143.7,2025-11-24 14:39:26,4079.3,Long,-644.000000000005,9.00000000000546,43.9999999999964,1.16,RelativeVWAP
29,MGC 02-26,2025-11-24 14:39:26,4146.6,2025-11-24 14:41:37,4071.6,Long,-750.000000000005,0,38.9999999999964,2.19,RelativeVWAP
30.1,MGC 02-26,2025-11-24 15:23:02,4156.3,2025-11-24 16:31:05,4162.6,Short,-63.0000000000018,80,68.0000000000018,68.04,RelativeVWAP
30.2,MGC 02-26,2025-11-24 15:23:02,4156.3,2025-11-24 16:31:05,4162.6,Short,-63.0000000000018,80,68.0000000000018,68.04,RelativeVWAP
31,MGC 02-26,2025-11-24 17:42:26,4171.1,2025-11-24 17:46:29,4092.2,Long,-789.000000000001,0,40.9999999999945,4.05,RelativeVWAP
32,MGC 02-26,2025-11-24 17:42:26,4169.5,2025-11-24 17:46:29,4102.5,Long,-670,0,56.9999999999982,4.05,RelativeVWAP
33,MGC 02-26,2025-11-25 04:38:05,4157.1,2025-11-25 04:38:06,4189.2,Short,-321.000000000013,3.00000000000182,23.9999999999964,0.00,RelativeVWAP
34.1,MGC 02-26,2025-11-25 04:45:56,4158.8,2025-11-25 04:50:32,4154,Long,-48.0000000000018,49.0000000000055,18.9999999999964,4.61,RelativeVWAP
34.2,MGC 02-26,2025-11-25 04:45:56,4158.8,2025-11-25 04:50:32,4154,Long,-48.0000000000018,49.0000000000055,18.9999999999964,4.61,RelativeVWAP
35,MGC 02-26,2025-11-25 13:02:18,4185.7,2025-11-25 13:02:27,4142.7,Long,-430.000000000009,28.0000000000109,0,0.15,RelativeVWAP
36,MGC 02-26,2025-11-25 13:33:57,4189.2,2025-11-25 13:33:57,4157.1,Long,-321.000000000013,0,12.9999999999927,0.00,RelativeVWAP
37.1,MGC 02-26,2025-11-25 13:36:47,4191.3,2025-11-25 22:20:39,4191.3,Short,0,10.9999999999945,296.999999999998,523.86,RelativeVWAP
37.2,MGC 02-26,2025-11-25 13:36:47,4191.3,2025-11-25 22:20:39,4191.3,Short,0,10.9999999999945,296.999999999998,523.86,RelativeVWAP
38,MGC 02-26,2025-11-25 22:25:39,4194.4,2025-11-25 22:25:40,4143.8,Long,-506.000000000013,0,19.9999999999909,0.01,RelativeVWAP
39.1,MGC 02-26,2025-11-25 22:30:38,4199,2025-11-25 22:31:33,4200,Short,-10,10,16.0000000000036,0.91,RelativeVWAP
39.2,MGC 02-26,2025-11-25 22:30:38,4199,2025-11-25 22:31:33,4200,Short,-10,10,16.0000000000036,0.91,RelativeVWAP
40,MGC 02-26,2025-11-26 07:32:11,4205.1,2025-11-26 07:32:11,4163.6,Long,-415.000000000009,0,20.9999999999945,0.01,RelativeVWAP
41.1,MGC 02-26,2025-11-26 07:56:45,4205.1,2025-11-26 07:58:13,4207.9,Short,-28.0000000000018,28.9999999999964,4.00000000000546,1.47,RelativeVWAP
41.2,MGC 02-26,2025-11-26 07:56:45,4205.1,2025-11-26 07:58:13,4207.9,Short,-28.0000000000018,28.9999999999964,4.00000000000546,1.47,RelativeVWAP
42,MGC 02-26,2025-11-26 11:00:17,4173.9,2025-11-26 11:00:27,4209,Short,-351.000000000004,22.0000000000073,16.9999999999982,0.18,RelativeVWAP
43.1,MGC 02-26,2025-11-26 14:35:34,4191.9,2025-11-26 21:05:48,4191.9,Long,0,3.99999999999636,121.000000000004,390.22,RelativeVWAP
43.2,MGC 02-26,2025-11-26 14:35:34,4191.9,2025-11-26 21:05:48,4191.9,Long,0,3.99999999999636,121.000000000004,390.22,RelativeVWAP
44,MGC 02-26,2025-11-27 19:09:15,4193.9,2025-11-27 19:11:19,4183.3,Long,-106.000000000013,9.00000000000546,10.9999999999945,2.07,RelativeVWAP
45,MGC 02-26,2025-11-27 20:07:21,4200.8,2025-11-27 20:08:14,4174.5,Long,-263.000000000002,10,0,0.89,RelativeVWAP
46,MGC 02-26,2025-11-27 20:07:21,4199.8,2025-11-27 20:08:14,4180.4,Long,-194.000000000005,0,10,0.89,RelativeVWAP
47,MGC 02-26,2025-11-27 20:34:33,4207.1,2025-11-27 20:34:45,4170.6,Long,-365.000000000009,0,13.9999999999964,0.20,RelativeVWAP
48,MGC 02-26,2025-11-27 20:34:47,4209,2025-11-27 20:34:47,4173.9,Long,-351.000000000004,0,23.0000000000018,0.00,RelativeVWAP
49.1,MGC 02-26,2025-11-27 20:38:09,4212.8,2025-11-27 21:00:14,4218.2,Short,-54.0000000000055,63.9999999999964,30,22.08,RelativeVWAP
49.2,MGC 02-26,2025-11-27 20:38:09,4212.8,2025-11-27 21:00:14,4218.2,Short,-54.0000000000055,63.9999999999964,30,22.08,RelativeVWAP
50,MGC 02-26,2025-11-28 10:18:48,4229.2,2025-11-28 10:19:03,4189.4,Long,-398.000000000011,5.00000000000909,12.9999999999927,0.25,RelativeVWAP
51.1,MGC 02-26,2025-11-28 10:25:27,4235.6,2025-11-28 10:32:46,4236.7,Short,-11.0000000000036,12.9999999999927,55,7.31,RelativeVWAP
51.2,MGC 02-26,2025-11-28 10:25:27,4235.6,2025-11-28 10:32:46,4236.7,Short,-11.0000000000036,12.9999999999927,55,7.31,RelativeVWAP
52,MGC 02-26,2025-11-28 10:32:46,4236.7,2025-11-28 10:33:09,4208.3,Long,-284.000000000015,18.0000000000109,2.99999999999272,0.38,RelativeVWAP
53.1,MGC 02-26,2025-11-28 10:46:41,4238.3,2025-11-28 11:57:57,4238.3,Short,0,3.99999999999636,181.999999999998,71.27,RelativeVWAP
53.2,MGC 02-26,2025-11-28 10:46:41,4238.3,2025-11-28 11:57:57,4238.3,Short,0,3.99999999999636,181.999999999998,71.27,RelativeVWAP
54,MGC 02-26,2025-11-30 19:00:01,4263.3,2025-11-30 19:00:06,4220,Long,-433.000000000002,51.0000000000036,0,0.08,RelativeVWAP
55.1,MGC 02-26,2025-11-30 19:13:42,4253.3,2025-11-30 20:07:30,4253.3,Short,0,80,36.0000000000036,53.80,RelativeVWAP
55.2,MGC 02-26,2025-11-30 19:13:42,4253.3,2025-11-30 20:07:30,4253.3,Short,0,80,36.0000000000036,53.80,RelativeVWAP
56,MGC 02-26,2025-12-01 06:04:35,4292.5,2025-12-01 06:04:36,4240.9,Long,-516.000000000004,1.00000000000364,10,0.02,RelativeVWAP
57.1,MGC 02-26,2025-12-01 06:46:18,4291.4,2025-12-01 09:41:07,4298,Short,-66.0000000000036,74.0000000000055,127.999999999993,174.82,RelativeVWAP
57.2,MGC 02-26,2025-12-01 06:46:18,4291.4,2025-12-01 09:41:07,4298,Short,-66.0000000000036,74.0000000000055,127.999999999993,174.82,RelativeVWAP
58,MGC 02-26,2025-12-01 10:35:50,4271.6,2025-12-01 10:35:52,4299.6,Short,-280.000000000009,1.00000000000364,18.9999999999964,0.04,RelativeVWAP
59.1,MGC 02-26,2025-12-01 10:52:05,4269.5,2025-12-01 11:10:42,4269.5,Long,0,3.00000000000182,103.999999999996,18.62,RelativeVWAP
59.2,MGC 02-26,2025-12-01 10:52:05,4269.5,2025-12-01 11:10:42,4269.5,Long,0,3.00000000000182,103.999999999996,18.62,RelativeVWAP
60,MGC 02-26,2025-12-01 21:02:31,4252.2,2025-12-01 21:02:39,4282.2,Short,-300.000000000009,9.00000000000546,8.99999999999636,0.15,RelativeVWAP
61,MGC 02-26,2025-12-01 21:09:38,4240.9,2025-12-01 21:09:38,4292.5,Short,-516.000000000004,1.00000000000364,28.9999999999964,0.00,RelativeVWAP
62,MGC 02-26,2025-12-01 21:09:48,4220,2025-12-01 21:09:49,4263.3,Short,-433.000000000002,13.0000000000018,40,0.00,RelativeVWAP
63.1,MGC 02-26,2025-12-01 21:10:19,4231.7,2025-12-02 05:21:20,4231.7,Long,0,5.99999999999454,265,491.02,RelativeVWAP
63.2,MGC 02-26,2025-12-01 21:10:19,4231.7,2025-12-02 05:21:20,4231.7,Long,0,5.99999999999454,265,491.02,RelativeVWAP
64,MGC 02-26,2025-12-02 05:36:22,4215.9,2025-12-02 05:36:22,4269.3,Short,-534.000000000005,0,35,0.00,RelativeVWAP
65.1,MGC 02-26,2025-12-02 06:05:55,4219.4,2025-12-02 11:26:09,4219.4,Long,0,65,430,320.22,RelativeVWAP
65.2,MGC 02-26,2025-12-02 06:05:55,4219.4,2025-12-02 11:26:09,4219.4,Long,0,65,430,320.22,RelativeVWAP
66,MGC 02-26,2025-12-02 11:54:37,4210.9,2025-12-02 11:54:41,4262.5,Short,-516.000000000004,9.00000000000546,7.99999999999272,0.08,RelativeVWAP
67,MGC 02-26,2025-12-02 11:54:42,4208.3,2025-12-02 11:54:42,4236.7,Short,-284.000000000015,0,30.9999999999945,0.00,RelativeVWAP
68.1,MGC 02-26,2025-12-02 11:55:48,4205,2025-12-02 11:58:03,4201.3,Long,-37.0000000000073,48.0000000000018,23.0000000000018,2.25,RelativeVWAP
68.2,MGC 02-26,2025-12-02 11:55:48,4205,2025-12-02 11:58:03,4201.3,Long,-37.0000000000073,48.0000000000018,23.0000000000018,2.25,RelativeVWAP
69,MGC 02-26,2025-12-03 05:08:04,4230.9,2025-12-03 05:08:05,4260.1,Short,-292.000000000007,0,8.99999999999636,0.01,RelativeVWAP
70.1,MGC 02-26,2025-12-03 05:23:02,4229.7,2025-12-03 06:11:10,4227.2,Long,-25,30,39.0000000000055,48.13,RelativeVWAP
70.2,MGC 02-26,2025-12-03 05:23:02,4229.7,2025-12-03 06:11:10,4227.2,Long,-25,30,39.0000000000055,48.13,RelativeVWAP
71,MGC 02-26,2025-12-03 09:52:26,4260.1,2025-12-03 09:52:26,4230.9,Long,-292.000000000007,1.00000000000364,6.99999999999818,0.00,RelativeVWAP
72,MGC 02-26,2025-12-03 09:52:41,4262.5,2025-12-03 09:52:42,4210.9,Long,-516.000000000004,1.00000000000364,13.9999999999964,0.01,RelativeVWAP
73,MGC 02-26,2025-12-03 09:52:41,4261.4,2025-12-03 09:52:42,4193.4,Long,-680.000000000009,0,24.9999999999909,0.01,RelativeVWAP
74,MGC 02-26,2025-12-03 09:55:00,4269.3,2025-12-03 09:55:01,4215.9,Long,-534.000000000005,4.00000000000546,6.99999999999818,0.01,RelativeVWAP
75.1,MGC 02-26,2025-12-03 09:56:18,4268.9,2025-12-03 10:00:15,4270.4,Short,-15.0000000000091,18.0000000000018,25.9999999999945,3.94,RelativeVWAP
75.2,MGC 02-26,2025-12-03 09:56:18,4268.9,2025-12-03 10:00:15,4270.4,Short,-15.0000000000091,18.0000000000018,25.9999999999945,3.94,RelativeVWAP
76,MGC 02-26,2025-12-03 10:35:15,4272.4,2025-12-03 10:35:24,4224.9,Long,-475.000000000009,5.00000000000909,8.99999999999636,0.15,RelativeVWAP
77.1,MGC 02-26,2025-12-03 10:38:51,4266.5,2025-12-03 23:02:18,4227.16666666667,Short,393.33333333333,23.0000000000018,415,743.46,RelativeVWAP
77.2,MGC 02-26,2025-12-03 10:38:51,4266.5,2025-12-03 23:02:18,4225,Short,415,23.0000000000018,415,743.46,RelativeVWAP
78,MGC 02-26,2025-12-03 23:02:18,4225.9,2025-12-03 23:02:18,4273.4,Short,-475.000000000009,0,30.9999999999945,0.00,RelativeVWAP
79,MGC 02-26,2025-12-03 23:02:18,4224.9,2025-12-03 23:02:18,4272.4,Short,-475.000000000009,0,25.9999999999945,0.00,RelativeVWAP
80.1,MGC 02-26,2025-12-03 23:14:01,4221.4,2025-12-04 01:36:04,4221.4,Long,0,33.9999999999964,65,142.04,RelativeVWAP
80.2,MGC 02-26,2025-12-03 23:14:01,4221.4,2025-12-04 01:36:04,4221.4,Long,0,33.9999999999964,65,142.04,RelativeVWAP
81,MGC 02-26,2025-12-04 10:32:36,4240.5,2025-12-04 10:32:46,4212,Long,-285,0,13.9999999999964,0.17,RelativeVWAP
82.1,MGC 02-26,2025-12-04 10:50:35,4233.9,2025-12-04 11:17:11,4233.9,Short,0,42.0000000000073,135,26.60,RelativeVWAP
82.2,MGC 02-26,2025-12-04 10:50:35,4233.9,2025-12-04 11:17:11,4233.9,Short,0,42.0000000000073,135,26.60,RelativeVWAP
83,MGC 02-26,2025-12-04 12:17:17,4247.1,2025-12-04 12:17:18,4203.3,Long,-438.000000000011,2.00000000000728,8.99999999999636,0.00,RelativeVWAP
84.1,MGC 02-26,2025-12-04 12:21:41,4248.4,2025-12-05 01:28:33,4248.4,Short,0,13.0000000000018,240,786.87,RelativeVWAP
84.2,MGC 02-26,2025-12-04 12:21:41,4248.4,2025-12-05 01:28:33,4248.4,Short,0,13.0000000000018,240,786.87,RelativeVWAP
85,MGC 02-26,2025-12-05 01:30:03,4250.8,2025-12-05 01:30:03,4220.3,Long,-305.000000000009,0,18.9999999999964,0.00,RelativeVWAP
86.1,MGC 02-26,2025-12-05 01:36:13,4250.1,2025-12-05 02:08:40,4252.8,Short,-26.9999999999982,38.9999999999964,25,32.45,RelativeVWAP
86.2,MGC 02-26,2025-12-05 01:36:13,4250.1,2025-12-05 02:08:40,4252.8,Short,-26.9999999999982,38.9999999999964,25,32.45,RelativeVWAP
87,MGC 02-26,2025-12-05 09:00:14,4261.4,2025-12-05 09:00:21,4224.3,Long,-371.000000000013,2.00000000000728,11.9999999999982,0.12,RelativeVWAP
88.1,MGC 02-26,2025-12-05 09:11:25,4256.3,2025-12-05 09:28:56,4263.8,Short,-75,86.9999999999982,8.00000000000182,17.52,RelativeVWAP
88.2,MGC 02-26,2025-12-05 09:11:25,4256.3,2025-12-05 09:28:56,4263.8,Short,-75,86.9999999999982,8.00000000000182,17.52,RelativeVWAP
89,MGC 02-26,2025-12-05 10:47:25,4270.6,2025-12-05 10:47:32,4245.6,Long,-250.000000000009,0,8.99999999999636,0.11,RelativeVWAP
90,MGC 02-26,2025-12-05 10:47:32,4273.4,2025-12-05 10:47:32,4225.9,Long,-475.000000000009,22.0000000000073,0,0.01,RelativeVWAP
91.1,MGC 02-26,2025-12-05 10:48:15,4272.4,2025-12-05 10:50:03,4274,Short,-16.0000000000036,19.0000000000055,15.9999999999945,1.80,RelativeVWAP
91.2,MGC 02-26,2025-12-05 10:48:15,4272.4,2025-12-05 10:50:03,4274,Short,-16.0000000000036,19.0000000000055,15.9999999999945,1.80,RelativeVWAP
92,MGC 02-26,2025-12-05 11:32:27,4282.2,2025-12-05 11:32:34,4252.2,Long,-300.000000000009,9.09494701772928E-12,9.99999999999091,0.12,RelativeVWAP
93,MGC 02-26,2025-12-05 12:11:53,4245.6,2025-12-05 12:11:54,4270.6,Short,-250.000000000009,0,33.9999999999964,0.00,RelativeVWAP
94,MGC 02-26,2025-12-05 17:16:49,4227.5,2025-12-05 17:17:40,4290.7,Short,-632.000000000007,3.99999999999636,15,0.85,RelativeVWAP
95,MGC 02-26,2025-12-05 17:19:55,4224.3,2025-12-05 17:20:04,4261.4,Short,-371.000000000013,0,15.9999999999945,0.14,RelativeVWAP
96.1,MGC 02-26,2025-12-05 17:31:45,4224.2,2025-12-08 10:45:27,4224.2,Long,0,11.9999999999982,236.999999999998,3913.70,RelativeVWAP
96.2,MGC 02-26,2025-12-05 17:31:45,4224.2,2025-12-08 10:45:27,4224.2,Long,0,11.9999999999982,236.999999999998,3913.70,RelativeVWAP
97,MGC 02-26,2025-12-08 10:45:27,4225.8,2025-12-08 10:45:27,4246,Short,-202.000000000007,0,12.9999999999927,0.01,RelativeVWAP
98,MGC 02-26,2025-12-08 10:45:27,4225.1,2025-12-08 10:45:27,4248,Short,-229.000000000005,4.00000000000546,11.9999999999982,0.00,RelativeVWAP
99.1,MGC 02-26,2025-12-08 10:48:52,4228.4,2025-12-08 10:58:51,4228.4,Long,0,11.9999999999982,123.000000000002,9.98,RelativeVWAP
99.2,MGC 02-26,2025-12-08 10:48:52,4228.4,2025-12-08 10:58:51,4228.4,Long,0,11.9999999999982,123.000000000002,9.98,RelativeVWAP
100,MGC 02-26,2025-12-08 11:00:02,4220.3,2025-12-08 11:00:04,4250.8,Short,-305.000000000009,21.0000000000036,0,0.04,RelativeVWAP
101,MGC 02-26,2025-12-08 11:05:46,4212,2025-12-08 11:05:57,4240.5,Short,-285,11.0000000000036,6.00000000000364,0.18,RelativeVWAP
102.1,MGC 02-26,2025-12-08 11:11:02,4209.3,2025-12-08 11:15:38,4205.4,Long,-39.0000000000055,49.0000000000055,51.9999999999982,4.60,RelativeVWAP
102.2,MGC 02-26,2025-12-08 11:11:02,4209.3,2025-12-08 11:15:38,4205.4,Long,-39.0000000000055,49.0000000000055,51.9999999999982,4.60,RelativeVWAP
103,MGC 02-26,2025-12-09 02:09:33,4203.3,2025-12-09 02:09:33,4247.1,Short,-438.000000000011,8.00000000001091,8.99999999999636,0.00,RelativeVWAP
104,MGC 02-26,2025-12-09 02:09:33,4203.9,2025-12-09 02:09:33,4240.8,Short,-369.000000000005,2.00000000000728,15,0.00,RelativeVWAP
105.1,MGC 02-26,2025-12-09 02:21:45,4201.7,2025-12-09 05:22:55,4238.7,Long,370,0,390,181.18,RelativeVWAP
105.2,MGC 02-26,2025-12-09 02:21:45,4201.7,2025-12-09 05:22:55,4240.7,Long,390,0,390,181.18,RelativeVWAP
106,MGC 02-26,2025-12-09 05:05:00,4227.6,2025-12-09 05:05:01,4197.3,Long,-303.000000000011,2.00000000000728,10,0.02,RelativeVWAP
107.1,MGC 02-26,2025-12-09 05:11:43,4232.6,2025-12-09 05:16:13,4234.6,Short,-20,20,15,4.50,RelativeVWAP
107.2,MGC 02-26,2025-12-09 05:11:43,4232.6,2025-12-09 05:16:13,4234.6,Short,-20,20,15,4.50,RelativeVWAP
108,MGC 02-26,2025-12-09 05:23:18,4240.8,2025-12-09 05:23:40,4203.9,Long,-369.000000000005,11.9999999999982,11.9999999999982,0.37,RelativeVWAP
109.1,MGC 02-26,2025-12-09 05:28:52,4237.6,2025-12-09 10:51:05,4237.6,Short,0,5.99999999999454,195,322.21,RelativeVWAP
109.2,MGC 02-26,2025-12-09 05:28:52,4237.6,2025-12-09 10:51:05,4237.6,Short,0,5.99999999999454,195,322.21,RelativeVWAP
110,MGC 02-26,2025-12-09 11:59:03,4242.1,2025-12-09 11:59:03,4209,Long,-331.000000000004,0,15,0.00,RelativeVWAP
111,MGC 02-26,2025-12-09 11:59:11,4246,2025-12-09 11:59:16,4225.8,Long,-202.000000000007,26.9999999999982,0,0.08,RelativeVWAP
112.1,MGC 02-26,2025-12-09 12:00:06,4243.8,2025-12-09 12:02:51,4246.1,Short,-23.0000000000018,25.9999999999945,44.0000000000055,2.74,RelativeVWAP
112.2,MGC 02-26,2025-12-09 12:00:06,4243.8,2025-12-09 12:02:51,4246.1,Short,-23.0000000000018,25.9999999999945,44.0000000000055,2.74,RelativeVWAP
113,MGC 02-26,2025-12-09 12:11:06,4248,2025-12-09 12:11:07,4225.1,Long,-229.000000000005,0,10,0.01,RelativeVWAP
114.1,MGC 02-26,2025-12-09 12:11:46,4249.3,2025-12-09 12:45:15,4250.6,Short,-13.0000000000018,15,99.0000000000055,33.47,RelativeVWAP
114.2,MGC 02-26,2025-12-09 12:11:46,4249.3,2025-12-09 12:45:15,4250.6,Short,-13.0000000000018,15,99.0000000000055,33.47,RelativeVWAP
115,MGC 02-26,2025-12-10 04:00:01,4229.9,2025-12-10 04:00:01,4247.9,Short,-180.000000000009,4.00000000000546,7.99999999999272,0.01,RelativeVWAP
116.1,MGC 02-26,2025-12-10 04:09:34,4230.8,2025-12-10 04:10:09,4229,Long,-18.0000000000018,20,0,0.59,RelativeVWAP
116.2,MGC 02-26,2025-12-10 04:09:34,4230.8,2025-12-10 04:10:09,4229,Long,-18.0000000000018,20,0,0.59,RelativeVWAP
117,MGC 02-26,2025-12-10 06:31:29,4218.5,2025-12-10 06:31:42,4251.6,Short,-331.000000000004,3.99999999999636,8.99999999999636,0.21,RelativeVWAP
118.1,MGC 02-26,2025-12-10 06:51:35,4218.9,2025-12-10 11:16:52,4218.9,Long,0,1.99999999999818,165,265.29,RelativeVWAP
118.2,MGC 02-26,2025-12-10 06:51:35,4218.9,2025-12-10 11:16:52,4218.9,Long,0,1.99999999999818,165,265.29,RelativeVWAP
119,MGC 02-26,2025-12-10 15:00:00,4215.2,2025-12-10 15:00:00,4235.5,Short,-203.000000000002,50,30,0.00,RelativeVWAP
120,MGC 02-26,2025-12-10 15:00:18,4235.5,2025-12-10 15:00:32,4215.2,Long,-203.000000000002,45,11.0000000000036,0.24,RelativeVWAP
121.1,MGC 02-26,2025-12-10 15:01:14,4233.7,2025-12-10 15:01:32,4235.4,Long,16.9999999999982,23.9999999999964,38.0000000000018,0.29,RelativeVWAP
121.2,MGC 02-26,2025-12-10 15:01:14,4233.7,2025-12-10 15:01:32,4228.36755162242,Long,-53.3244837757866,23.9999999999964,38.0000000000018,0.29,RelativeVWAP
122,MGC 02-26,2025-12-10 15:09:18,4247.9,2025-12-10 15:09:27,4229.9,Long,-180.000000000009,15.0000000000091,0.999999999994543,0.16,RelativeVWAP
123.1,MGC 02-26,2025-12-10 15:11:04,4246,2025-12-10 15:11:13,4248.5,Short,-25,26.0000000000036,1.99999999999818,0.14,RelativeVWAP
123.2,MGC 02-26,2025-12-10 15:11:04,4246,2025-12-10 15:11:13,4248.5,Short,-25,26.0000000000036,1.99999999999818,0.14,RelativeVWAP
124,MGC 02-26,2025-12-10 15:41:40,4209,2025-12-10 15:41:46,4242.1,Short,-331.000000000004,48.0000000000018,10,0.11,RelativeVWAP
125.1,MGC 02-26,2025-12-10 15:43:55,4214.4,2025-12-10 15:57:25,4229.35595238095,Long,149.559523809548,42.9999999999927,286.000000000004,13.49,RelativeVWAP
125.2,MGC 02-26,2025-12-10 15:43:55,4214.4,2025-12-10 15:57:25,4242,Long,276.000000000004,42.9999999999927,286.000000000004,13.49,RelativeVWAP
126,MGC 02-26,2025-12-10 16:04:14,4251.6,2025-12-10 16:04:16,4218.5,Long,-331.000000000004,0,23.9999999999964,0.02,RelativeVWAP
127.1,MGC 02-26,2025-12-10 16:07:17,4253.9,2025-12-10 16:07:28,4255.1,Short,-12.0000000000073,16.0000000000036,5.99999999999454,0.18,RelativeVWAP
127.2,MGC 02-26,2025-12-10 16:07:17,4253.9,2025-12-10 16:07:28,4255.1,Short,-12.0000000000073,16.0000000000036,5.99999999999454,0.18,RelativeVWAP
128,MGC 02-26,2025-12-10 20:12:00,4269,2025-12-10 20:12:08,4207.9,Long,-611.000000000004,13.0000000000018,6.99999999999818,0.14,RelativeVWAP
129.1,MGC 02-26,2025-12-10 20:18:21,4272.1,2025-12-10 20:23:19,4274,Short,-18.9999999999964,18.9999999999964,26.0000000000036,4.97,RelativeVWAP
129.2,MGC 02-26,2025-12-10 20:18:21,4272.1,2025-12-10 20:23:19,4274,Short,-18.9999999999964,18.9999999999964,26.0000000000036,4.97,RelativeVWAP
130,MGC 02-26,2025-12-11 10:30:09,4260.1,2025-12-11 10:30:31,4231.9,Long,-282.000000000007,18.0000000000018,2.99999999999272,0.36,RelativeVWAP
131.1,MGC 02-26,2025-12-11 11:04:21,4263.8,2025-12-11 11:40:53,4277.8,Short,-140,141.999999999998,25,36.53,RelativeVWAP
131.2,MGC 02-26,2025-12-11 11:04:21,4263.8,2025-12-11 11:40:53,4277.8,Short,-140,141.999999999998,25,36.53,RelativeVWAP
132,MGC 02-26,2025-12-11 11:40:53,4277.8,2025-12-11 11:40:54,4231.3,Long,-465.000000000009,0,11.9999999999982,0.00,RelativeVWAP
133.1,MGC 02-26,2025-12-11 11:42:54,4282.6,2025-12-11 11:44:13,4283.7,Short,-11.0000000000036,11.9999999999982,19.0000000000055,1.31,RelativeVWAP
133.2,MGC 02-26,2025-12-11 11:42:54,4282.6,2025-12-11 11:44:13,4283.7,Short,-11.0000000000036,11.9999999999982,19.0000000000055,1.31,RelativeVWAP
134,MGC 02-26,2025-12-11 11:51:36,4290.7,2025-12-11 11:51:36,4227.5,Long,-632.000000000007,3.00000000001091,6.99999999998909,0.01,RelativeVWAP
135.1,MGC 02-26,2025-12-11 11:52:53,4289.8,2025-12-11 12:22:08,4291.5,Short,-16.9999999999982,16.9999999999982,111.000000000004,29.25,RelativeVWAP
135.2,MGC 02-26,2025-12-11 11:52:53,4289.8,2025-12-11 12:22:08,4291.5,Short,-16.9999999999982,16.9999999999982,111.000000000004,29.25,RelativeVWAP
136,MGC 02-26,2025-12-11 12:47:54,4299.6,2025-12-11 12:47:55,4271.6,Long,-280.000000000009,2.00000000000728,10,0.01,RelativeVWAP
137.1,MGC 02-26,2025-12-11 12:50:54,4305.3,2025-12-11 12:51:22,4306.1,Short,-8.00000000000182,15.9999999999945,13.0000000000018,0.45,RelativeVWAP
137.2,MGC 02-26,2025-12-11 12:50:54,4305.3,2025-12-11 12:51:22,4306.1,Short,-8.00000000000182,15.9999999999945,13.0000000000018,0.45,RelativeVWAP
138,MGC 02-26,2025-12-12 03:07:11,4317.1,2025-12-12 03:07:12,4253.9,Long,-632.000000000007,13.0000000000018,7.99999999999272,0.01,RelativeVWAP
139.1,MGC 02-26,2025-12-12 03:18:29,4318.9,2025-12-12 03:35:28,4319.8,Short,-9.00000000000546,11.0000000000036,40,16.97,RelativeVWAP
139.2,MGC 02-26,2025-12-12 03:18:29,4318.9,2025-12-12 03:35:28,4319.8,Short,-9.00000000000546,11.0000000000036,40,16.97,RelativeVWAP
140,MGC 02-26,2025-12-12 04:04:04,4321.2,2025-12-12 04:04:40,4295.4,Long,-258.000000000011,10.0000000000091,6.99999999998909,0.59,RelativeVWAP
141.1,MGC 02-26,2025-12-12 04:22:20,4323.7,2025-12-12 04:31:51,4326.7,Short,-30.0000000000091,35,13.0000000000018,9.52,RelativeVWAP
141.2,MGC 02-26,2025-12-12 04:22:20,4323.7,2025-12-12 04:31:51,4326.7,Short,-30.0000000000091,35,13.0000000000018,9.52,RelativeVWAP
142,MGC 02-26,2025-12-12 10:53:41,4381.4,2025-12-12 10:53:46,4316.7,Long,-647.000000000007,0,13.9999999999964,0.07,RelativeVWAP
143.1,MGC 02-26,2025-12-12 11:07:59,4379.8,2025-12-12 11:58:11,4348.46649528706,Short,313.335047129403,45,641.999999999998,50.20,RelativeVWAP
143.2,MGC 02-26,2025-12-12 11:07:59,4379.8,2025-12-12 11:58:11,4316.8,Short,630,45,641.999999999998,50.20,RelativeVWAP
144,MGC 02-26,2025-12-12 11:58:11,4316.7,2025-12-12 11:58:14,4381.4,Short,-647.000000000007,1.99999999999818,16.9999999999982,0.05,RelativeVWAP
145,MGC 02-26,2025-12-12 12:39:09,4295.4,2025-12-12 12:39:13,4321.2,Short,-258.000000000011,36.0000000000036,0,0.06,RelativeVWAP
146.1,MGC 02-26,2025-12-12 12:41:49,4292,2025-12-12 13:50:32,4321.1,Long,291.000000000004,46.9999999999982,366.000000000004,68.71,RelativeVWAP
146.2,MGC 02-26,2025-12-12 12:41:49,4292,2025-12-12 13:50:32,4328.27006711409,Long,362.700671140947,46.9999999999982,366.000000000004,68.71,RelativeVWAP
147,MGC 02-26,2025-12-15 04:30:05,4380.4,2025-12-15 04:31:59,4324.4,Long,-560.000000000009,29.0000000000055,0,1.90,RelativeVWAP
148.1,MGC 02-26,2025-12-15 05:12:04,4381,2025-12-15 05:13:48,4382.9,Short,-19.0000000000055,20,6.99999999999818,1.74,RelativeVWAP
148.2,MGC 02-26,2025-12-15 05:12:04,4381,2025-12-15 05:13:48,4382.9,Short,-19.0000000000055,20,6.99999999999818,1.74,RelativeVWAP
149,MGC 02-26,2025-12-15 10:31:33,4354.3,2025-12-15 10:31:45,4384.3,Short,-300.000000000009,2.00000000000728,14.9999999999909,0.19,RelativeVWAP
150.1,MGC 02-26,2025-12-15 10:44:01,4360,2025-12-15 12:22:32,4324.4,Long,-356.000000000004,356.999999999998,31.9999999999982,98.52,RelativeVWAP
150.2,MGC 02-26,2025-12-15 10:44:01,4360,2025-12-15 12:22:32,4324.4,Long,-356.000000000004,356.999999999998,31.9999999999982,98.52,RelativeVWAP
151,MGC 02-26,2025-12-15 12:22:32,4324.4,2025-12-15 12:22:34,4380.4,Short,-560.000000000009,5,6.99999999999818,0.04,RelativeVWAP
152.1,MGC 02-26,2025-12-15 12:28:30,4326.5,2025-12-15 12:34:42,4322.6,Long,-39.0000000000055,40,46.9999999999982,6.20,RelativeVWAP
152.2,MGC 02-26,2025-12-15 12:28:30,4326.5,2025-12-15 12:34:42,4322.6,Long,-39.0000000000055,40,46.9999999999982,6.20,RelativeVWAP
153,MGC 02-26,2025-12-15 22:57:50,4315.5,2025-12-15 22:57:51,4367.5,Short,-520,0,18.0000000000018,0.00,RelativeVWAP
154.1,MGC 02-26,2025-12-15 22:59:27,4315.4,2025-12-15 23:11:15,4312.9,Long,-25,30.9999999999945,60,11.80,RelativeVWAP
154.2,MGC 02-26,2025-12-15 22:59:27,4315.4,2025-12-15 23:11:15,4312.9,Long,-25,30.9999999999945,60,11.80,RelativeVWAP
155,MGC 02-26,2025-12-16 10:02:57,4345.4,2025-12-16 10:03:02,4297.2,Long,-482.000000000007,0,21.9999999999982,0.09,RelativeVWAP
156.1,MGC 02-26,2025-12-16 10:05:54,4347.5,2025-12-16 10:12:29,4350.5,Short,-30,33.0000000000018,21.0000000000036,6.59,RelativeVWAP
156.2,MGC 02-26,2025-12-16 10:05:54,4347.5,2025-12-16 10:12:29,4350.5,Short,-30,33.0000000000018,21.0000000000036,6.59,RelativeVWAP
157,MGC 02-26,2025-12-16 10:33:57,4362.4,2025-12-16 10:34:04,4300.5,Long,-619.000000000005,4.00000000000546,7.99999999999272,0.12,RelativeVWAP
158.1,MGC 02-26,2025-12-16 10:39:48,4360.8,2025-12-16 10:51:03,4363.3,Short,-25,28.9999999999964,79.0000000000055,11.26,RelativeVWAP
158.2,MGC 02-26,2025-12-16 10:39:48,4360.8,2025-12-16 10:51:03,4363.3,Short,-25,28.9999999999964,79.0000000000055,11.26,RelativeVWAP
159,MGC 02-26,2025-12-16 11:08:24,4367.5,2025-12-16 11:09:04,4315.5,Long,-520,20,0,0.67,RelativeVWAP
160.1,MGC 02-26,2025-12-16 11:23:57,4354.3,2025-12-16 21:53:00,4354.3,Short,0,75.9999999999945,314.000000000005,629.04,RelativeVWAP
160.2,MGC 02-26,2025-12-16 11:23:57,4354.3,2025-12-16 21:53:00,4354.3,Short,0,75.9999999999945,314.000000000005,629.04,RelativeVWAP
161,MGC 02-26,2025-12-17 01:23:08,4367.8,2025-12-17 01:23:09,4322.8,Long,-450.000000000009,0,8.99999999999636,0.01,RelativeVWAP
162.1,MGC 02-26,2025-12-17 01:31:31,4365.6,2025-12-17 01:38:45,4369.8,Short,-41.9999999999982,43.9999999999964,29.0000000000055,7.24,RelativeVWAP
162.2,MGC 02-26,2025-12-17 01:31:31,4365.6,2025-12-17 01:38:45,4369.8,Short,-41.9999999999982,43.9999999999964,29.0000000000055,7.24,RelativeVWAP
163,MGC 02-26,2025-12-17 09:46:10,4373.7,2025-12-17 09:46:11,4330.7,Long,-430.000000000009,6.00000000000364,5.99999999999454,0.01,RelativeVWAP
164.1,MGC 02-26,2025-12-17 09:51:38,4369.3,2025-12-17 09:58:35,4374.4,Short,-51.0000000000036,56.9999999999982,21.9999999999982,6.94,RelativeVWAP
164.2,MGC 02-26,2025-12-17 09:51:38,4369.3,2025-12-17 09:58:35,4374.4,Short,-51.0000000000036,56.9999999999982,21.9999999999982,6.94,RelativeVWAP
165,MGC 02-26,2025-12-17 11:30:46,4378.3,2025-12-17 11:30:48,4335.2,Long,-431.000000000004,6.99999999999818,3.00000000000182,0.02,RelativeVWAP
166.1,MGC 02-26,2025-12-17 12:44:12,4362.9,2025-12-17 19:06:23,4362.9,Short,0,163.000000000002,26.9999999999982,382.19,RelativeVWAP
166.2,MGC 02-26,2025-12-17 12:44:12,4362.9,2025-12-17 19:06:23,4362.9,Short,0,163.000000000002,26.9999999999982,382.19,RelativeVWAP
167,MGC 02-26,2025-12-18 04:55:45,4355.1,2025-12-18 04:55:45,4375.1,Short,-200.000000000009,0,27.9999999999927,0.00,RelativeVWAP
168.1,MGC 02-26,2025-12-18 05:00:35,4355.6,2025-12-18 05:42:06,4352.2,Long,-34.0000000000055,40,37.9999999999927,41.51,RelativeVWAP
168.2,MGC 02-26,2025-12-18 05:00:35,4355.6,2025-12-18 05:42:06,4352.2,Long,-34.0000000000055,40,37.9999999999927,41.51,RelativeVWAP
169,MGC 02-26,2025-12-18 08:28:45,4350.7,2025-12-18 08:28:46,4383.2,Short,-325.000000000009,5,5.99999999999454,0.02,RelativeVWAP
170.1,MGC 02-26,2025-12-18 08:53:27,4352.4,2025-12-18 09:06:49,4348.6,Long,-38.0000000000018,45.9999999999945,39.0000000000055,13.37,RelativeVWAP
170.2,MGC 02-26,2025-12-18 08:53:27,4352.4,2025-12-18 09:06:49,4348.6,Long,-38.0000000000018,45.9999999999945,39.0000000000055,13.37,RelativeVWAP
171,MGC 02-26,2025-12-18 09:52:30,4375.1,2025-12-18 09:52:40,4355.1,Long,-200.000000000009,9.00000000000546,7.99999999999272,0.18,RelativeVWAP
172.1,MGC 02-26,2025-12-18 10:01:52,4370.9,2025-12-18 10:31:48,4370.9,Short,0,29.0000000000055,80.9999999999945,29.93,RelativeVWAP
172.2,MGC 02-26,2025-12-18 10:01:52,4370.9,2025-12-18 10:31:48,4370.9,Short,0,29.0000000000055,80.9999999999945,29.93,RelativeVWAP
173,MGC 02-26,2025-12-18 10:43:26,4346.6,2025-12-18 10:43:26,4376,Short,-294.000000000005,0,28.9999999999964,0.00,RelativeVWAP
174.1,MGC 02-26,2025-12-18 10:48:35,4343.8,2025-12-18 12:02:11,4361.82708333333,Long,180.270833333334,18.0000000000018,328.999999999996,73.61,RelativeVWAP
174.2,MGC 02-26,2025-12-18 10:48:35,4343.8,2025-12-18 12:02:11,4375.9,Long,320.999999999995,18.0000000000018,328.999999999996,73.61,RelativeVWAP
175,MGC 02-26,2025-12-18 12:02:11,4376,2025-12-18 12:02:14,4346.6,Long,-294.000000000005,1.99999999999818,10,0.05,RelativeVWAP
176,MGC 02-26,2025-12-18 12:10:23,4383.2,2025-12-18 12:10:23,4350.7,Long,-325.000000000009,0,13.9999999999964,0.01,RelativeVWAP
177,MGC 02-26,2025-12-18 12:10:23,4384.3,2025-12-18 12:10:26,4354.3,Long,-300.000000000009,20,0,0.05,RelativeVWAP
178,MGC 02-26,2025-12-18 12:11:22,4387.6,2025-12-18 12:11:23,4286.2,Long,-1014.00000000001,6.00000000000364,3.99999999999636,0.01,RelativeVWAP
179.1,MGC 02-26,2025-12-18 12:15:13,4399.1,2025-12-18 12:15:56,4403.1,Short,-40,45.9999999999945,6.00000000000364,0.72,RelativeVWAP
179.2,MGC 02-26,2025-12-18 12:15:13,4399.1,2025-12-18 12:15:56,4403.1,Short,-40,45.9999999999945,6.00000000000364,0.72,RelativeVWAP
180,MGC 02-26,2025-12-18 21:28:46,4337.9,2025-12-18 21:28:47,4409.6,Short,-717.000000000007,25,5.99999999999454,0.01,RelativeVWAP
181.1,MGC 02-26,2025-12-18 21:34:38,4338.9,2025-12-18 21:34:57,4336.8,Long,-21.0000000000036,25.9999999999945,7.00000000000728,0.31,RelativeVWAP
181.2,MGC 02-26,2025-12-18 21:34:38,4338.9,2025-12-18 21:34:57,4336.8,Long,-21.0000000000036,25.9999999999945,7.00000000000728,0.31,RelativeVWAP
